Document ID,name,address,categories,coordinates,description,email,image,opening-time,openingTime,phone,tagline,website
aeropuerto-internacional-ernesto-cortissoz,Aeropuerto internacional Ernesto Cortissoz,"Cl. 30 #1-85, Soledad, Atlántico, Colombia","Cultura, Historia","{lng: -74.7808, lat: 10.8896}","El Aeropuerto Internacional Ernesto Cortissoz, ubicado en Soledad, a 12 km de Barranquilla, es la principal puerta de entrada aérea al Atlántico. Nombrado en honor al pionero de la aviación colombiana, conecta con destinos nacionales como Bogotá y Medellín, y algunos internacionales. Su infraestructura funcional incluye tiendas, restaurantes y alquiler de autos, siendo un punto clave para turistas que exploran la región. Aunque no es un destino turístico en sí, su relevancia histórica y su rol como hub de transporte lo convierten en un lugar de interés cultural. La terminal refleja la modernidad de Barranquilla, con servicios básicos para viajeros. Consejos: Reserve un taxi o transporte privado al centro de Barranquilla (20-30 min). Verifique horarios de vuelos, ya que pueden variar. Lleve efectivo para servicios locales. Cómo llegar: Desde la terminal, tome un taxi oficial o un servicio de transporte privado. No hay transporte público directo al centro, por lo que el taxi es la opción más práctica.",,https://firebasestorage.googleapis.com/v0/b/visitatlantico-f5c09.firebasestorage.app/o/aeropuerto%20ernesto%20cortizos.webp?alt=media&token=6bbdc4d6-67bf-4932-bf30-7fc0bc155e1c,,24 Hours,No Disponible,Conecta el caribe con el mundo.,https://www.aeropuertocortissoz.com.co
artesanas-de-la-plaza-de-la-convivencia,Artesanas de la Plaza de La Convivencia,"Cl. 45 #45-50, Barranquilla, Atlántico, Colombia","Artesanías, Cultura, Compras","{lng: -74.8012, lat: 10.9875}","Las Artesanas de la Plaza de La Convivencia, en el corazón de Barranquilla, son un colectivo de mujeres artesanas que preservan la cultura caribeña a través de sus creaciones. En esta plaza céntrica, los visitantes pueden encontrar mochilas de cañaflecha, joyería artesanal y accesorios inspirados en las tradiciones del Carnaval de Barranquilla, declarado Patrimonio de la Humanidad por la UNESCO. Este mercado vibrante ofrece una inmersión cultural, con productos que reflejan los ritmos y bailes de la región, como la cumbia y el mapalé. Los precios son accesibles, y negociar con respeto es común. La plaza es un punto de encuentro comunitario, ideal para explorar la vida local. Consejos: Visite por la mañana para evitar el calor; combine con la Catedral Metropolitana. Lleve efectivo y una bolsa reutilizable para sus compras. Cómo llegar: Tome un taxi o autobús al centro de Barranquilla (10 min). La plaza está cerca de la Catedral, en una zona segura y animada.",,https://firebasestorage.googleapis.com/v0/b/visitatlantico-f5c09.firebasestorage.app/o/artesanias%20convivencia.webp?alt=media&token=91b74617-b81f-42f4-be6b-97ec0a5cb2ed,,No Disponible,No Disponible,Tradición y talento femenino en la Plaza de Usiacurí,No Disponible
casa-museo-julio-flrez,Casa Museo Julio Flórez,"Cl. 21 #3-15, Usiacurí, Atlántico, Colombia","Cultura, Historia, Arte","{lng: -74.9778, lat: 10.7492}","La Casa Museo Julio Flórez, en el pintoresco municipio de Usiacurí, es un homenaje al célebre poeta romántico colombiano. Esta casa histórica, restaurada para preservar su legado, exhibe manuscritos, objetos personales y fotografías que narran la vida y obra de Flórez, conocido por sus versos melancólicos. El museo ofrece una inmersión cultural en la historia literaria del Atlántico, complementada por el encanto colonial de Usiacurí, famoso por sus artesanías en palma de iraca. Es un lugar tranquilo, ideal para los amantes de la literatura y la historia. Consejos: Combine la visita con un recorrido por la Plaza Central de Usiacurí y talleres de artesanías locales. Lleve agua y protector solar, ya que el clima es cálido. Cómo llegar: Desde Barranquilla, tome un autobús a Usiacurí (45 min) y camine 5 min hasta la casa. La ruta es accesible en taxi o vehículo particular.",,https://firebasestorage.googleapis.com/v0/b/visitatlantico-f5c09.firebasestorage.app/o/casa%20museo%20julio%20florez.webp?alt=media&token=4326c510-e833-4a5d-ad66-f841a5803165,,Viernes a domingo 1:00 p.m. – 5:00 p.m.,(+57) 314 549 9201,El hogar del poeta romántico de Colombia,www.casamuseojulioflorez.org
catedral-metropolitana-mara-reina,Catedral Metropolitana María Reina,"Cra. 45 #53-140, Barranquilla, Atlántico, Colombia","Cultura, Historia, Arte","{lng: -74.7992, lat: 10.9878}","La Catedral Metropolitana María Reina, inaugurada en 1982, es un ícono arquitectónico y religioso de Barranquilla. Su diseño moderno, con líneas geométricas y un interior espacioso, refleja la espiritualidad y la historia de la ciudad. Como sede de la Arquidiócesis de Barranquilla, es un punto de encuentro para la comunidad católica y un lugar de inmersión cultural para los visitantes. Las misas diarias y eventos como la Semana Santa resaltan su importancia. La catedral está en el centro, cerca de la Plaza de La Paz, lo que facilita explorar otros sitios históricos. Consejos: Visite durante el día para apreciar la arquitectura; asista a una misa para una experiencia espiritual. Use ropa adecuada (hombros y rodillas cubiertos). Cómo llegar: Tome un taxi o autobús al centro de Barranquilla (10-15 min desde el norte). La dirección es fácilmente accesible en transporte público.",,https://firebasestorage.googleapis.com/v0/b/visitatlantico-f5c09.firebasestorage.app/o/catedral%20metropolitana%20maria%20reina%202.webp?alt=media&token=9b851781-e3a9-4e43-828f-840d60f2276f,,Abierto las 24 horas,No disponible,Un símbolo de la fe y la modernidad en Barranquilla.,https://www.catedralmariareina.com
centro-artesanal-corina-urueta,Centro Artesanal Corina Urueta,"Cl. 68 #50-20, Barranquilla, Atlántico, Colombia","Artesanías, Cultura, Compras","{lng: -74.7945, lat: 11.0023}","El Centro Artesanal Corina Urueta, ubicado en el barrio El Prado de Barranquilla, es un espacio dedicado a la promoción de las artesanías locales. Aquí, los visitantes pueden encontrar tejidos, cerámicas y joyería que reflejan la cultura caribeña, muchos inspirados en el Carnaval de Barranquilla. Este centro ofrece talleres de artesanías locales, brindando una experiencia de inmersión cultural. Los productos, elaborados por artesanos de la región, son ideales para souvenirs auténticos. Consejos: Participe en talleres para aprender técnicas tradicionales; lleve efectivo para compras. Visite por la mañana para evitar multitudes. Cómo llegar: Tome un taxi o autobús por la Calle 68 (10 min desde el centro). La zona es segura y cuenta con restaurantes cercanos.",,https://firebasestorage.googleapis.com/v0/b/visitatlantico-f5c09.firebasestorage.app/o/centro%20artesanal%20corina%20urueta.webp?alt=media&token=75e11f4a-c89f-4524-8b88-ce7bb2177694,,No Disponible,No Disponible,Preservando el legado artesanal de Usiacurí,No Disponible
ecomochilas-de-luruaco,Ecomochilas de Luruaco,"Cra. 10 #15-30, Luruaco, Atlántico, Colombia","Artesanías, EcoTurismo, Cultura","{lng: -75.1489, lat: 10.6167}","Las Ecomochilas de Luruaco son mochilas tejidas a mano con materiales sostenibles, como caña de flecha, por artesanos del municipio de Luruaco. Este proyecto combina tradición y ecoturismo, ofreciendo productos únicos que reflejan la cultura caribeña. Las mochilas, duraderas y coloridas, son perfectas para quienes buscan artesanías locales con un enfoque ecológico. Los talleres permiten a los visitantes aprender sobre el proceso de tejido. Consejos: Compre directamente a los artesanos para apoyar la economía local; combine con el Parador Turístico de Luruaco. Cómo llegar: Tome un autobús desde Barranquilla a Luruaco (1 h) y camine 10 min. La ruta es accesible en taxi.",,"https://firebasestorage.googleapis.com/v0/b/visitatlantico-f5c09.firebasestorage.app/o/ecomochila%201.webp?alt=media&token=54fc029e-050d-4611-9881-68cfa2247e2c, https://firebasestorage.googleapis.com/v0/b/visitatlantico-f5c09.firebasestorage.app/o/ecomochila%202.webp?alt=media&token=043d0bb8-cbb8-40c3-a2f7-7bb5c5f57137, https://firebasestorage.googleapis.com/v0/b/visitatlantico-f5c09.firebasestorage.app/o/ecomochila%203.webp?alt=media&token=a6bc6634-c8ff-45dd-b75a-80a455ddc07a ",,No Disponible,(+57) 321 5703 741,Artesanía ecológica hecha con materiales reciclados,No Disponible
edgar-rentera-baseball-stadium,Edgar Rentería Baseball Stadium,"Cl. 47 #66-50, Barranquilla, Atlántico, Colombia","Deportes, Cultura, Familia","{lng: -74.8167, lat: 10.9945}","El Edgar Rentería Baseball Stadium, en Barranquilla, es un estadio moderno que alberga partidos del equipo Caimanes de Barranquilla. Nombrado en honor al beisbolista local, es un punto clave para los amantes del deporte y la cultura caribeña. Durante los juegos, se vive un ambiente festivo con ritmos y bailes típicos, como la cumbia. Consejos: Consulte el calendario de juegos en Caimanes de Barranquilla; llegue temprano para buenos asientos. Lleve gorra y protector solar. Cómo llegar: Tome un taxi o autobús por la Calle 47 (15 min desde el centro). La zona es accesible y vibrante.",,https://firebasestorage.googleapis.com/v0/b/visitatlantico-f5c09.firebasestorage.app/o/estadio%20de%20beisbol%20edgar%20renteria.webp?alt=media&token=a9e1ec1f-831c-407f-bed0-1157e0737e18,,9 AM - 6 PM,No Disponible,Colombia celebra la pasion por el beisbol,https://www.edgarrenteriastadium.com
el-castillo-de-salgar,El Castillo de Salgar,"Cra. 38 #8-50, Puerto Colombia, Atlántico, Colombia","Historia, Cultura, Fotografía","{lng: -74.8856, lat: 11.0247}","El Castillo de Salgar, construido en 1848 en Puerto Colombia, es una fortaleza histórica con vistas al mar Caribe. Este sitio, parte de la historia portuaria del Atlántico, es ideal para eventos culturales y fotografía. Su ubicación cerca del Muelle de Puerto Colombia y el Malecón del Mar lo hace perfecto para combinar con caminatas y degustaciones de mariscos frescos. Consejos: Visite al atardecer para fotos espectaculares; lleve protector solar. Combine con el Mercado Sazón para una experiencia gastronómica. Cómo llegar: Tome un autobús o taxi desde Barranquilla a Puerto Colombia (20 min).",,https://firebasestorage.googleapis.com/v0/b/visitatlantico-f5c09.firebasestorage.app/o/el%20castillo%20de%20salgar.webp?alt=media&token=c2d3ec46-1d35-4df8-a1d2-06448d20853e,,No Disponible,(605) 320 7300,Arquitectura colonial frente al Mar Caribe,www.atlanticoesmas.com
el-solar-de-mao---granja-eco-campestre,El Solar de Mao - Granja Eco Campestre,"Vía Tubará, Km 5, Tubará, Atlántico, Colombia","EcoTurismo, Naturaleza, Familia","{lng: -74.9500, lat: 10.8500}","El Solar de Mao, en Tubará, es una granja ecoturística que ofrece actividades al aire libre, senderismo y contacto con la naturaleza. Este destino de ecoturismo es ideal para familias y amantes de la aventura activa, con senderos que atraviesan paisajes tropicales. Los visitantes pueden disfrutar de talleres educativos y comida típica. Consejos: Lleve ropa cómoda, repelente y reserve con antelación. Visite por la mañana para aprovechar el día. Cómo llegar: Tome un taxi o autobús a Tubará desde Barranquilla (30 min).",,https://firebasestorage.googleapis.com/v0/b/visitatlantico-f5c09.firebasestorage.app/o/solar%20de%20mao.webp?alt=media&token=01a3ce80-a8de-4d5f-a700-971ca1bf153e,,Lunes a viernes: 5:30 a.m. a 12:30 p.m. sábados y domingo: 9:00 a.m. a 5:00 p.m.,(+57) 300 201 8129,Conecta con la naturaleza en el primer mariposario del Caribe,info@solardemao.com
estatua-homenaje-joe-arroyo,Estatua Homenaje Joe Arroyo,"Cra. 54 #59-140, Barranquilla, Atlántico, Colombia","Cultura, Spots instagrameables, Ritmos y baile","{lng: -74.7985, lat: 11.0002}","La Estatua Homenaje Joe Arroyo, en el barrio El Prado de Barranquilla, rinde tributo al legendario cantante de salsa y cumbia. Este monumento, un ícono de los ritmos y bailes caribeños, es un punto instagrameable que celebra la cultura musical del Atlántico. Su ubicación en una zona comercial permite combinar la visita con restaurantes y bares. Consejos: Visite de día para fotos; explore la vida nocturna chic cercana. Cómo llegar: Tome un taxi o autobús por la Carrera 54 (10 min desde el centro).",,https://firebasestorage.googleapis.com/v0/b/visitatlantico-f5c09.firebasestorage.app/o/estatua%20de%20joe%20.jpg3.webp?alt=media&token=7a6c4620-b5d1-4cb2-98ef-4f3b882c5fd5,,Abierto las 24 horas,No disponible,Un tributo al ícono musical de Barranquilla.,No disponible
fundacin-botnica-y-zoolgica-de-barranquilla,Fundación Botánica y Zoológica de Barranquilla,"Cl. 77 #68-40, Barranquilla, Atlántico, Colombia","Naturaleza, Familia, Avistamiento","{lng: -74.8050, lat: 11.0150}","La Fundación Botánica y Zoológica de Barranquilla es un zoológico y jardín botánico que alberga especies nativas y exóticas, ideal para familias y amantes del ecoturismo. Este espacio ofrece recorridos educativos y oportunidades de avistamiento de aves, promoviendo la conservación. Consejos: Lleve agua, protector solar y binoculares para observar aves. Visite por la mañana. Cómo llegar: Tome un taxi o autobús por la Calle 77 (15 min desde el centro).",,https://firebasestorage.googleapis.com/v0/b/visitatlantico-f5c09.firebasestorage.app/o/fundacion%20botanica.webp?alt=media&token=22c91f38-2def-4d70-9dd4-ec553ed9586c,,"De lunes a domingo, de 9:00 a.m. a 5:00 p.m.",(+57) (605) 360 0314,Conservación y educación de la fauna caribeña,www.zoobaq.org
gran-malecn-puerta-de-oro,Gran Malecón Puerta de Oro,"Vía 40, Barranquilla, Atlántico, Colombia","Cultura, Familia, Fotografía","{lng: -74.7700, lat: 11.0000}","El Gran Malecón Puerta de Oro, a orillas del río Magdalena, es un paseo ribereño que combina naturaleza, cultura y gastronomía. Ideal para bicis, trote y caminatas, este destino ofrece vistas panorámicas y mercados gourmet con mariscos frescos. Es un punto clave para eventos culturales y festivales. Consejos: Visite al atardecer; lleve calzado cómodo. Combine con el Mercado Sazón. Cómo llegar: Tome un taxi o autobús a Vía 40 (10 min desde el centro).",,https://firebasestorage.googleapis.com/v0/b/visitatlantico-f5c09.firebasestorage.app/o/malecon-de-barranquilla.jpg?alt=media&token=7b973aad-d423-404a-a436-cbfba2a2655c,,Abierto las 24 horas,No Disponible,Camina en el corazón de Barranquilla.,https://www.granmaleconpuertadeoro.com
iglesia-de-la-inmaculada-concepcin,Iglesia de la Inmaculada Concepción,"Cl. 35 #43-60, Barranquilla, Atlántico, Colombia","Cultura, Historia, Arte","{lng: -74.7900, lat: 10.9800}","La Iglesia de la Inmaculada Concepción, en el centro de Barranquilla, es un templo neogótico que refleja la historia religiosa de la ciudad. Su arquitectura y ambiente sereno la hacen ideal para una inmersión cultural. Consejos: Visite durante misas para una experiencia espiritual; respete el código de vestimenta. Cómo llegar: Tome un taxi o autobús al centro (10 min).",,https://firebasestorage.googleapis.com/v0/b/visitatlantico-f5c09.firebasestorage.app/o/iglesia%20de%20la%20inmaculada%20concepcion.webp?alt=media&token=6519ea09-248e-4048-8b08-f1fe577bdfe2,,7 AM - 7 PM,No disponible,La belleza neobarroca en el centro de Barranquilla.,https://www.inmaculadaconcepcionbarranquilla.com
iglesia-de-san-nicols-de-tolentino,Iglesia de San Nicolás de Tolentino,"Cra. 42 #33-50, Barranquilla, Atlántico, Colombia","Cultura, Historia, Arte","{lng: -74.7850, lat: 10.9750}","La Iglesia de San Nicolás de Tolentino, declarada Monumento Nacional, es un templo barroco en el centro de Barranquilla. Su rica historia y arquitectura la convierten en un punto de inmersión cultural. Consejos: Visite por la mañana; explore el barrio histórico cercano. Cómo llegar: Tome un taxi o autobús al centro (10 min).",,https://firebasestorage.googleapis.com/v0/b/visitatlantico-f5c09.firebasestorage.app/o/iglesia%20de%20san%20nicolas%202.webp?alt=media&token=b5d59926-6b7d-4053-a857-51439530ce06,,Abierto las 24 horas,No disponible,Patrimonio cultural en el corazón de Barranquilla.,https://www.iglesiasannicolas.com
iglesia-nuestra-seora-de-chiquinquir,Iglesia Nuestra Señora de Chiquinquirá,"Cl. 36 #41-30, Barranquilla, Atlántico, Colombia","Cultura, Historia","{lng: -74.7880, lat: 10.9820}","La Iglesia Nuestra Señora de Chiquinquirá es un lugar de devoción mariana en Barranquilla, con una arquitectura sencilla pero significativa. Es ideal para explorar la historia religiosa del Atlántico. Consejos: Asista a festividades marianas; lleve ropa adecuada. Cómo llegar: Tome un taxi o autobús al centro (10 min).",,"https://firebasestorage.googleapis.com/v0/b/visitatlantico-f5c09.firebasestorage.app/o/iglesia%20nuestra%20sen%CC%83ora%20de%20chiquinquira%202.webp?alt=media&token=648b2682-27f0-4124-9bb0-fc815bed5886, https://firebasestorage.googleapis.com/v0/b/visitatlantico-f5c09.firebasestorage.app/o/iglesia%20nuestra%20sen%CC%83ora%20de%20chiquinquira%209.webp?alt=media&token=bec96dd1-6142-4617-ac8a-b63bb64fc70f",,Abierto las 24 horas,No disponible,Un sublime encuentro con la fe en Barranquilla.,https://www.chiquinquiraiglesia.com
iglesia-nuestra-seora-del-carmen,Iglesia Nuestra Señora del Carmen,"Cra. 50 #58-140, Barranquilla, Atlántico, Colombia","Cultura, Historia","{lng: -74.8000, lat: 11.0000}","La Iglesia Nuestra Señora del Carmen, en Barranquilla, es un templo emblemático conocido por su devoción y eventos como la fiesta del Carmen en julio. Su ambiente refleja la cultura religiosa local. Consejos: Visite durante festividades; respete el lugar. Cómo llegar: Tome un taxi o autobús por la Carrera 50 (12 min).",,"https://firebasestorage.googleapis.com/v0/b/visitatlantico-f5c09.firebasestorage.app/o/iglesia%20nuestra%20sen%CC%83ora%20del%20carmen%204.webp?alt=media&token=b8b8ca5f-d0f2-4ad3-8351-3dadfe2f0a96, https://firebasestorage.googleapis.com/v0/b/visitatlantico-f5c09.firebasestorage.app/o/parroquia%20nuestra%20sen%CC%83ora%20del%20carmen.webp?alt=media&token=2949aa17-da61-4642-9ede-848313862b63",,7 AM - 7 PM,No disponible,Fe y tradición en el corazón de Barranquilla.,https://www.nuestraseñoradelcarmenbarranquilla.com
iglesia-san-antonio-de-padua,Iglesia San Antonio de Padua,"Cl. 45 #46-50, Barranquilla, Atlántico, Colombia","Cultura, Historia","{lng: -74.8020, lat: 10.9880}","La Iglesia San Antonio de Padua, en el centro de Barranquilla, es un templo histórico con arquitectura tradicional. Es un lugar de inmersión cultural y espiritual. Consejos: Visite por la mañana; combine con la Plaza de La Convivencia. Cómo llegar: Tome un taxi o autobús al centro (10 min).",,https://firebasestorage.googleapis.com/v0/b/visitatlantico-f5c09.firebasestorage.app/o/iglesia%20san%20antonio%20de%20padua%201.webp?alt=media&token=d4a4bbb7-5dd9-4f49-853a-c196d9734741,,Abierto las 24 horas,No disponible,El templo más antiguo del Atlántico.,https://www.sanantoniopadua.com
iglesia-san-jos-de-tubar,Iglesia San José de Tubará,"Cra. 5 #4-20, Tubará, Atlántico, Colombia","Cultura, Historia","{lng: -74.9750, lat: 10.8700}","La Iglesia San José de Tubará, en el municipio de Tubará, es un templo colonial que refleja la historia del Atlántico. Su ambiente tranquilo es ideal para la reflexión. Consejos: Combine con El Solar de Mao; lleve agua. Cómo llegar: Tome un autobús o taxi a Tubará desde Barranquilla (30 min).",,https://firebasestorage.googleapis.com/v0/b/visitatlantico-f5c09.firebasestorage.app/o/iglesia%20san%20jose%20de%20tubara.webp?alt=media&token=410ce826-f379-4ea1-895d-1335aca7dea1,,Abierto las 24 horas,No disponible,Patrimonio arquitectónico del departamento.,https://www.sanjosedetubara.com
iglesia-san-roque,Iglesia San Roque,"Cl. 30 #40-50, Barranquilla, Atlántico, Colombia","Cultura, Historia","{lng: -74.7800, lat: 10.9700}","La Iglesia San Roque, en el centro de Barranquilla, es un templo histórico conocido por su devoción popular. Su ubicación permite explorar mercados y sitios históricos cercanos. Consejos: Visite durante festividades; combine con la Plaza de La Aduana. Cómo llegar: Tome un taxi o autobús al centro (10 min).",,https://firebasestorage.googleapis.com/v0/b/visitatlantico-f5c09.firebasestorage.app/o/iglesia%20de%20san%20roque.webp?alt=media&token=2955864d-19c5-4e4a-99cf-08e4761d2cfa,,Abierto las 24 horas,No disponible,Una de las construcciones más antiguas de Barranquilla.,https://www.sanroqueiglesia.com
iglesia-santo-domingo-de-guzmn,Iglesia Santo Domingo de Guzmán,"Cra. 44 #34-60, Barranquilla, Atlántico, Colombia","Cultura, Historia","{lng: -74.7870, lat: 10.9770}","La Iglesia Santo Domingo de Guzmán, en Barranquilla, es un templo tradicional con una rica historia comunitaria. Es ideal para una inmersión cultural en el centro histórico. Consejos: Visite por la mañana; respete el ambiente religioso. Cómo llegar: Tome un taxi o autobús al centro (10 min).",,"https://firebasestorage.googleapis.com/v0/b/visitatlantico-f5c09.firebasestorage.app/o/iglesia%20santo%20domingo%20de%20guzman%203.webp?alt=media&token=3a476082-13f0-45b4-abf9-bb79d525fc9b, https://firebasestorage.googleapis.com/v0/b/visitatlantico-f5c09.firebasestorage.app/o/iglesia%20santo%20domingo%20de%20guzman.webp?alt=media&token=7b6086d7-6288-4c1a-b387-132c8b5f42c0",,Abierto las 24 horas,No disponible,Un patrimonio histórico y cultural del Atlántico.,https://www.santodomingodeguzmanusiacuri.com
monumento-homenaje-a-shakira,Monumento Homenaje a Shakira,"Cl. 82 #42-50, Barranquilla, Atlántico, Colombia","Cultura, Spots instagrameables, Ritmos y baile","{lng: -74.8050, lat: 11.0100}","El Monumento Homenaje a Shakira, en el barrio El Prado, celebra a la icónica cantante barranquillera. Este punto instagrameable refleja los ritmos y bailes de la región, como la salsa y la cumbia. Consejos: Visite de día para fotos; explore la vida nocturna chic cercana. Cómo llegar: Tome un taxi o autobús por la Calle 82 (12 min).",,https://firebasestorage.googleapis.com/v0/b/visitatlantico-f5c09.firebasestorage.app/o/shak.webp?alt=media&token=b91a78e8-424a-48a5-a0f7-5d4f0a145bd9,,Abierto las 24 horas,No disponible,Una celebración al talento barranquillero de Shakira.,No disponible
monumento-la-ventana-al-mundo,Monumento La Ventana al Mundo,"Cra. 53 #98-50, Barranquilla, Atlántico, Colombia","Cultura, Spots instagrameables, Fotografía","{lng: -74.8200, lat: 11.0200}","El Monumento La Ventana al Mundo, en Barranquilla, es una estructura moderna que simboliza la apertura cultural de la ciudad. Es un punto instagrameable ideal para fotografía. Consejos: Visite al atardecer para capturar la mejor luz; lleve cámara. Cómo llegar: Tome un taxi o autobús por la Carrera 53 (15 min).",,https://firebasestorage.googleapis.com/v0/b/visitatlantico-f5c09.firebasestorage.app/o/ventana%20al%20mundo.webp?alt=media&token=c02b31c4-a44f-470e-b062-d4c58533c22c,,Abierto las 24 horas,No disponible,La puerta colorida al mundo desde Barranquilla.,No disponible
monumento-ventana-de-campeones,Monumento Ventana de Campeones,"Cl. 72 #56-140, Barranquilla, Atlántico, Colombia","Cultura, Deportes, Fotografía","{lng: -74.8100, lat: 11.0050}",El Monumento Ventana de Campeones honra a los deportistas de Barranquilla con un diseño moderno. Es un punto instagrameable que celebra la cultura deportiva. Consejos: Visite de día; combine con el Gran Malecón. Cómo llegar: Tome un taxi o autobús por la Calle 72 (12 min).,,https://firebasestorage.googleapis.com/v0/b/visitatlantico-f5c09.firebasestorage.app/o/ventana%20de%20campeones%203.webp?alt=media&token=94d68af0-aa09-447a-95a7-bf3ddb885771,,Abierto las 24 horas,No disponible,Un homenaje al Junior de Barranquilla y al desarrollo urbano.,No disponible
muelle-puerto-colombia,Muelle Puerto Colombia,"Cra. 4 #1-50, Puerto Colombia, Atlántico, Colombia","Historia, Fotografía, Náutica","{lng: -74.8800, lat: 11.0150}","El Muelle Puerto Colombia, construido en 1888, es un sitio histórico que refleja la historia portuaria del Atlántico. Frente al mar Caribe, es ideal para caminatas, fotografía y degustaciones de mariscos frescos en el Mercado Sazón. Consejos: Visite al amanecer o atardecer; combine con el Malecón del Mar. Cómo llegar: Tome un autobús o taxi a Puerto Colombia desde Barranquilla (20 min).",,https://firebasestorage.googleapis.com/v0/b/visitatlantico-f5c09.firebasestorage.app/o/muelle%20de%20puerto%20colombia.webp?alt=media&token=5add6413-f0f9-4410-9edd-7c9fa4425e7e,,Abierto las 24 horas,No Disponible,Donde la historia se encuentra con el océano.,https://www.puertocolombiamuelle.com
musa-tejedora,Musa Tejedora,"Cl. 2 #5-30, Usiacurí, Atlántico, Colombia","Cultura, Artesanías, Spots instagrameables","{lng: -74.9800, lat: 10.7450}","La Musa Tejedora, en Usiacurí, es una estatua que celebra a las tejedoras de palma de iraca, un arte tradicional del municipio. Este punto instagrameable ofrece una inmersión cultural en las artesanías locales. Consejos: Combine con la Casa Museo Julio Flórez; lleve cámara. Cómo llegar: Tome un autobús a Usiacurí desde Barranquilla (45 min).",,"https://firebasestorage.googleapis.com/v0/b/visitatlantico-f5c09.firebasestorage.app/o/musa%20tejedora%202.webp?alt=media&token=c7827e54-61e3-4fef-9691-53180dc9edb2, https://firebasestorage.googleapis.com/v0/b/visitatlantico-f5c09.firebasestorage.app/o/musa%20tejedora%203.webp?alt=media&token=c1c13803-7211-413e-a7f0-0dcd79851e8d, https://firebasestorage.googleapis.com/v0/b/visitatlantico-f5c09.firebasestorage.app/o/musa%20tejedora.webp?alt=media&token=df827c06-92b8-46b7-a883-d18146be7e21",,Abierto las 24 horas,No disponible,Un homenaje al artesano y la poesía de Julio Flórez.,No disponible
museo-arqueolgico-de-galapa-muga,Museo Arqueológico de Galapa MUGA,"Cra. 12 #10-20, Galapa, Atlántico, Colombia","Historia, Cultura, Arqueología","{lng: -74.8850, lat: 10.9000}","El Museo Arqueológico de Galapa MUGA exhibe artefactos de los pueblos Mokaná, ofreciendo una inmersión cultural en la historia indígena del Atlántico. Es ideal para los amantes de la arqueología. Consejos: Reserve una visita guiada; combine con talleres de artesanías locales. Cómo llegar: Tome un autobús a Galapa desde Barranquilla (20 min).",,https://firebasestorage.googleapis.com/v0/b/visitatlantico-f5c09.firebasestorage.app/o/museo%20arq%20de%20galapa.webp?alt=media&token=40842474-e4a2-490e-8df8-bda011bbe88d,,Martes a domingo 9:00 a.m. – 6:00 p.m.,(+57) (605) 308 6358,Explora los tesoros arqueológicos del Atlántico,www.museogalapa.com
museo-arqueolgico-de-pueblos-karib-mapuka,Museo Arqueológico de Pueblos KARIB MAPUKA,"Cl. 8 #6-40, Puerto Colombia, Atlántico, Colombia","Historia, Cultura, Arqueología","{lng: -74.8900, lat: 11.0200}","El Museo Arqueológico de Pueblos KARIB MAPUKA, en Puerto Colombia, preserva la herencia indígena del Caribe. Sus exposiciones ofrecen una inmersión cultural en la historia portuaria. Consejos: Reserve una visita guiada; combine con el Muelle. Cómo llegar: Tome un autobús o taxi a Puerto Colombia (20 min).",,https://firebasestorage.googleapis.com/v0/b/visitatlantico-f5c09.firebasestorage.app/o/karib.webp?alt=media&token=b4cd2b76-436e-4846-9867-68a932aab008,,Lunes a viernes: 9:00 a.m. a 12:30 p.m. - 2:00 a 4:30 p.m. sábado: 9:00 a.m. a 1:30 p.m.,(605) 3509509 ext. 3289,Conecta con las culturas ancestrales del Caribe colombiano,www.uninorte.edu.co/web/mapuka/museo
museo-del-atlntico,Museo del Atlántico,"Cl. 35 #39-50, Barranquilla, Atlántico, Colombia","Historia, Cultura, Arte","{lng: -74.7850, lat: 10.9750}","El Museo del Atlántico, en el centro de Barranquilla, narra la historia y cultura del departamento a través de exposiciones interactivas. Es ideal para una inmersión cultural en las tradiciones caribeñas. Consejos: Visite por la mañana; explore la Plaza de La Aduana. Cómo llegar: Tome un taxi o autobús al centro (10 min).",,"https://firebasestorage.googleapis.com/v0/b/visitatlantico-f5c09.firebasestorage.app/o/museo_del_atlantico.webp?alt=media&token=702d9dfe-f3a1-4cf7-b5e9-a5acec2b135d, https://firebasestorage.googleapis.com/v0/b/visitatlantico-f5c09.firebasestorage.app/o/museoatlantico.webp?alt=media&token=01f1c319-c211-4c52-abd7-a13ca25713ec",,Lunes a viernes 8:00 a.m. – 4:00 p.m.,(+57) (605) 330 7012,Descubre la historia del Atlántico a través del arte y la cultura,www.atlantico.gov.co
museo-del-carnaval-de-barranquilla,Museo del Carnaval de Barranquilla,"Cra. 54 #49B-30, Barranquilla, Atlántico, Colombia","Cultura, Festivales, Ritmos y baile","{lng: -74.7950, lat: 10.9950}","El Museo del Carnaval de Barranquilla, en el barrio El Prado, celebra el Carnaval, Patrimonio de la Humanidad. Exhibe trajes, máscaras y música, ofreciendo una inmersión cultural en los ritmos y bailes como la cumbia y el mapalé. Los talleres permiten aprender sobre el Carnaval. Consejos: Visite antes del Carnaval (febrero); reserve talleres en Museo del Carnaval. Cómo llegar: Tome un taxi o autobús por la Carrera 54 (10 min).",,"https://firebasestorage.googleapis.com/v0/b/visitatlantico-f5c09.firebasestorage.app/o/carnaval%202.webp?alt=media&token=50b01200-f784-4732-acff-b84130621f66, https://firebasestorage.googleapis.com/v0/b/visitatlantico-f5c09.firebasestorage.app/o/carnaval%203.webp?alt=media&token=ef764d08-1989-4d1f-998c-b564e59a5108, https://firebasestorage.googleapis.com/v0/b/visitatlantico-f5c09.firebasestorage.app/o/museo%20del%20carnaval%20de%20barranquilla.webp?alt=media&token=6d12b348-0cc9-417a-a181-27eb46dbed12",,Martes a domingo de 9:00 a.m. – 5:00 p.m.,(+57) (605) 319 7616,Vive la magia del carnaval durante todo el año,museocarnavaldebarranquilla.org
museo-histrico-de-baranoa-muhba,Museo Histórico de Baranoa MUHBA,"Cra. 19 #16-50, Baranoa, Atlántico, Colombia","Historia, Cultura, Arte","{lng: -74.9150, lat: 10.7950}","El Museo Histórico de Baranoa MUHBA, ubicado en el corazón de Baranoa, es un espacio dedicado a la inmersión cultural en la historia y tradiciones del municipio. Sus exposiciones incluyen artefactos, fotografías y documentos que narran la evolución de Baranoa desde la época precolombina hasta la actualidad, destacando su folclor y su papel en el Carnaval de Barranquilla. Los visitantes pueden explorar la influencia de los ritmos y bailes caribeños, como la cumbia y el mapalé, en la identidad local. El museo ofrece visitas guiadas que enriquecen la experiencia, ideales para quienes buscan entender la cultura del Atlántico. Consejos: Reserve una visita guiada para mayor contexto; combine con la Plaza de Baranoa para disfrutar de la arquitectura colonial y mercados locales. Lleve cámara para capturar detalles históricos. Cómo llegar: Desde Barranquilla, tome un autobús a Baranoa (30 min) desde la terminal de transportes. El museo está a pocos pasos de la plaza central, accesible a pie. Abierto de martes a domingo, 9:00 a.m. a 5:00 p.m.",,https://firebasestorage.googleapis.com/v0/b/visitatlantico-f5c09.firebasestorage.app/o/muhba.webp?alt=media&token=b2dd003e-0c70-4418-94b2-0b80bbafa7d7,,Miércoles a sábado de 9:00 a.m. – 5:00 p.m.,(+57) 311 427 9615,Descubre la historia y la identidad de Baranoa,www.museobaranoa.com
museo-paleontolgico-de-la-pea-mupapa,Museo Paleontológico de La Peña MUPAPA,"Cl. 5 #3-20, Sabanalarga, Atlántico, Colombia","Historia, Cultura, Familia","{lng: -75.0200, lat: 10.6300}","El Museo Paleontológico de La Peña MUPAPA, en Sabanalarga, es un fascinante destino para la inmersión cultural en la historia natural del Atlántico. Este museo exhibe fósiles y restos prehistóricos, como esqueletos de animales extintos y herramientas de piedra, que revelan la vida en la región hace millones de años. Es un lugar educativo ideal para familias y amantes de la ciencia, con exposiciones que conectan la geología con la historia indígena. Las visitas guiadas ofrecen detalles sobre los hallazgos paleontológicos locales. Consejos: Reserve una visita guiada para una experiencia completa; lleve una libreta para tomar notas. Combine con un paseo por Sabanalarga para disfrutar de su ambiente rural. Cómo llegar: Desde Barranquilla, tome un autobús a Sabanalarga (1 h) desde la terminal de transportes. El museo está en el centro del municipio, a 5 min a pie desde la plaza principal. Abierto de miércoles a domingo, 8:00 a.m. a 4:00 p.m.",,https://firebasestorage.googleapis.com/v0/b/visitatlantico-f5c09.firebasestorage.app/o/museo%20pantologico%20de%20la%20pen%CC%83a.webp?alt=media&token=73e3dc0c-f2e4-42e7-a42c-ad5deee202bb,,Martes a jueves 8:00 a.m. a 4:40 p.m.,(+57) 300 655 1836,Viaja en el tiempo con fósiles y antiguas criaturas,No Disponible
parador-turstico-banda-de-baranoa,Parador Turístico Banda de Baranoa,"Cra. 18 #15-50, Baranoa, Atlántico, Colombia","Cultura, Festivales, Ritmos y baile","{lng: -74.9100, lat: 10.7900}","El Parador Turístico Banda de Baranoa es un vibrante espacio que celebra los ritmos y bailes caribeños, como la cumbia, el mapalé y la salsa, en el corazón de Baranoa. Este parador ofrece presentaciones en vivo de la famosa Banda de Baranoa, un grupo folclórico que encarna la esencia del Carnaval de Barranquilla. Los visitantes pueden participar en talleres de baile y disfrutar de festivales y eventos que destacan la cultura local. También hay puestos de artesanías locales y comida típica, como sancocho y arepas. Consejos: Visite durante fines de semana o festivales para disfrutar de espectáculos en vivo. Lleve cámara para capturar los coloridos bailes. Cómo llegar: Desde Barranquilla, tome un autobús a Baranoa (30 min). El parador está cerca de la Plaza de Baranoa, accesible a pie o en mototaxi. Abierto de viernes a domingo, 10:00 a.m. a 8:00 p.m.",,https://firebasestorage.googleapis.com/v0/b/visitatlantico-f5c09.firebasestorage.app/o/parador%20turistico%20banda%20de%20baranoa.webp?alt=media&token=6e863429-8385-40c8-9f1c-670d0f86cb46,,Por agenda,(+57) 313 533 5288 - (+57) 311 407 5882,Sé artista del Caribe por un día,www.atlanticoesmas.com
parador-turstico-de-luruaco,Parador Turístico de Luruaco,"Cra. 10 #14-30, Luruaco, Atlántico, Colombia","Cultura, Gastronomía, Artesanías","{lng: -75.1450, lat: 10.6150}","El Parador Turístico de Luruaco es un punto de encuentro en Luruaco que combina sabores locales y artesanías locales. Los visitantes pueden degustar comida típica, como sancocho de mondongo y bollos de yuca, mientras exploran productos artesanales, como las ecomochilas tejidas con caña de flecha. Este parador ofrece una inmersión cultural en las tradiciones del municipio, con música y bailes caribeños durante eventos especiales. Consejos: Pruebe los platos típicos; lleve efectivo para compras artesanales. Visite durante festivales para una experiencia completa. Cómo llegar: Desde Barranquilla, tome un autobús a Luruaco (1 h). El parador está en el centro del municipio, a 5 min a pie desde la plaza principal. Abierto de jueves a domingo, 9:00 a.m. a 6:00 p.m.",,https://firebasestorage.googleapis.com/v0/b/visitatlantico-f5c09.firebasestorage.app/o/parador%20turistico%20de%20luruaco.webp?alt=media&token=fe5df984-51a5-4aa9-a7f4-adb7fcfc852a,,No Disponible,No Disponible,Aventura y sabor local con deportes náuticos,No Disponible
parador-turstico-sombrero-vueltiao,Parador Turístico Sombrero Vueltiao,"Vía 25, Km 10, Sabanalarga, Atlántico, Colombia","Cultura, Artesanías, Gastronomía","{lng: -75.0100, lat: 10.6400}","El Parador Turístico Sombrero Vueltiao, ubicado en la vía a Sabanalarga, es un homenaje al icónico sombrero vueltiao, símbolo de la cultura colombiana. Este parador ofrece artesanías locales, como réplicas del sombrero y tejidos tradicionales, junto con comida típica, como carimañolas y empanadas. Es un lugar ideal para una inmersión cultural en las tradiciones del Atlántico, con espacios para eventos y ferias gastronómicas. Consejos: Compre souvenirs auténticos; visite durante el día para disfrutar del ambiente. Cómo llegar: Desde Barranquilla, tome un autobús a Sabanalarga (1 h). El parador está en la vía principal, accesible en taxi o vehículo particular. Abierto de martes a domingo, 8:00 a.m. a 5:00 p.m.",,https://firebasestorage.googleapis.com/v0/b/visitatlantico-f5c09.firebasestorage.app/o/parador%20turistico%20sombrero%20vueltiao.webp?alt=media&token=22c28266-cf8b-4500-bd01-e47c7b406d1b,,Lunes a domingo: 8:00 a.m. a 6:00 p.m.,(+57) 315 4955104,Visita el sombrero más grande del mundo y disfruta la cultura,www.atlanticoesmas.com
parque-biotemtico-megua,Parque Biotemático Megua,"Vía a Caracolí, Malambo, Atlántico, Colombia","Naturaleza, EcoTurismo, Familia","{lng: -74.7800, lat: 10.8500}","El Parque Biotemático Megua, en Malambo, es un destino de ecoturismo y manglares que ofrece senderos educativos, observación de flora y fauna, y actividades al aire libre. Este parque promueve la conservación ambiental, con recorridos que destacan la biodiversidad del Atlántico, incluyendo aves y manglares. Es ideal para familias y amantes de la aventura activa. Consejos: Lleve repelente, ropa cómoda y binoculares para avistamiento de aves. Reserve con antelación. Cómo llegar: Desde Barranquilla, tome un autobús o taxi a Malambo (20 min). El parque está a pocos kilómetros del centro, accesible en mototaxi. Abierto de sábado a domingo, 8:00 a.m. a 4:00 p.m.",,https://firebasestorage.googleapis.com/v0/b/visitatlantico-f5c09.firebasestorage.app/o/megua.webp?alt=media&token=59d22a9a-5f52-433a-bd8c-1eadc9a951e7,,Sábado y domingo 9:00 a.m. – 5:00 p.m.,(+57) 312 654 0325,Diversión y educación con la biodiversidad del Atlántico,www.parquebiotematicomegua.com
petroglifo-mokan---piedra-pintada,Petroglifo Mokaná - Piedra Pintada,"Vía Tubará, Km 8, Tubará, Atlántico, Colombia","Historia, Cultura, Naturaleza","{lng: -74.9600, lat: 10.8600}","El Petroglifo Mokaná - Piedra Pintada, en Tubará, es un sitio arqueológico que alberga grabados en piedra de los indígenas Mokaná, ofreciendo una inmersión cultural en la historia precolombina del Atlántico. Rodeado de naturaleza, este destino combina ecoturismo con historia, ideal para quienes buscan explorar tradiciones ancestrales. Consejos: Contrate un guía local para entender los grabados; lleve calzado cómodo y agua. Cómo llegar: Desde Barranquilla, tome un autobús a Tubará (30 min). El sitio está a pocos kilómetros del centro, accesible en mototaxi. Abierto todos los días, 8:00 a.m. a 5:00 p.m.",,https://firebasestorage.googleapis.com/v0/b/visitatlantico-f5c09.firebasestorage.app/o/mokana.webp?alt=media&token=3b682c36-453b-4625-b36d-e57bfefceae6,,No Disponible,No Disponible,Conéctate con la herencia ancestral de los Mokaná,No Disponible
piezas-de-totumo-en-tubar,Piezas de Totumo en Tubará,"Cra. 6 #5-20, Tubará, Atlántico, Colombia","Artesanías, Cultura","{lng: -74.9700, lat: 10.8650}","Las Piezas de Totumo en Tubará son artesanías únicas elaboradas con la fruta del totumo, como utensilios, decoraciones y recipientes, que reflejan las artesanías locales del municipio. Este destino ofrece talleres donde los visitantes pueden aprender sobre esta tradición caribeña, ideal para una inmersión cultural. Consejos: Compre directamente a los artesanos; combine con la Iglesia San José de Tubará. Cómo llegar: Desde Barranquilla, tome un autobús a Tubará (30 min). El taller está en el centro, a 5 min a pie. Abierto de lunes a sábado, 9:00 a.m. a 5:00 p.m.",,"https://firebasestorage.googleapis.com/v0/b/visitatlantico-f5c09.firebasestorage.app/o/totumo%202.webp?alt=media&token=ed069dfc-5a6d-44d3-a046-4571f3dae9ef, https://firebasestorage.googleapis.com/v0/b/visitatlantico-f5c09.firebasestorage.app/o/totumo.webp?alt=media&token=a0d2e4cc-fae1-4f45-897d-d492a69b5d73",,No Disponible,No Disponible,Artesanía natural hecha con el fruto del Totumo,No Disponible
playa-bocatocino,Playa Bocatocino,"Vía Puerto Colombia, Km 5, Puerto Colombia, Atlántico, Colombia","Playas, Naturaleza, Gastronomía","{lng: -74.9000, lat: 11.0300}","Playa Bocatocino, en Puerto Colombia, es una playa de arenas doradas ideal para el relax total y el descanso junto al mar. Sus aguas tranquilas son perfectas para nadar, mientras que los restaurantes cercanos ofrecen mariscos frescos, parte de la ruta de sabores marinos. Consejos: Lleve protector solar y sombrilla; visite entre semana para menos gente. Cómo llegar: Desde Barranquilla, tome un autobús o taxi a Puerto Colombia (20 min). La playa está a pocos minutos del centro. Abierto todo el día.",,https://firebasestorage.googleapis.com/v0/b/visitatlantico-f5c09.firebasestorage.app/o/playa%20bocatocino.webp?alt=media&token=59b1058f-ba5e-41d5-a536-8835150fc086,,No Disponible,No Disponible,Escapada natural con manglares y tranquilidad,No Disponible
playa-cao-dulce,Playa Caño Dulce,"Vía Tubará, Km 10, Tubará, Atlántico, Colombia","Playas, Naturaleza, EcoTurismo","{lng: -74.9650, lat: 10.8750}","Playa Caño Dulce, en Tubará, es una playa virgen que ofrece playas urbanas & relax en un entorno natural. Sus aguas claras y arenas blancas son ideales para desconectarse, con oportunidades para ecoturismo y caminatas. Consejos: Lleve comida, agua y protector solar; respete el entorno. Cómo llegar: Desde Barranquilla, tome un taxi o autobús a Tubará (30 min). La playa está a 10 min en mototaxi. Abierto todo el día.",,https://firebasestorage.googleapis.com/v0/b/visitatlantico-f5c09.firebasestorage.app/o/playa%20can%CC%83o%20dulce.webp?alt=media&token=bb456f85-af9e-44fb-a57d-dbc063028649,,No Disponible,No Disponible,"Sombra, palmeras y ambiente caribeño en Tubará",No Disponible
playa-country,Playa Country,"Cl. 2 #1-50, Puerto Colombia, Atlántico, Colombia","Playas, Familia, Gastronomía","{lng: -74.8950, lat: 11.0250}","Playa Country, en Puerto Colombia, es una playa urbana & relax cerca del Muelle, con restaurantes que sirven mariscos frescos de la ruta de sabores marinos. Es ideal para familias y ofrece un ambiente animado con música caribeña. Consejos: Visite al atardecer; pruebe la comida local. Cómo llegar: Desde Barranquilla, tome un autobús o taxi a Puerto Colombia (20 min). Abierto todo el día.",,https://firebasestorage.googleapis.com/v0/b/visitatlantico-f5c09.firebasestorage.app/o/playa%20country.webp?alt=media&token=e61eac0b-bb23-4fa2-b257-2886b6b6aa65,,No Disponible,No Disponible,Una escapada caribeña cerca de Barranquilla,No Disponible
playa-de-salinas-del-rey,Playa de Salinas del Rey,"Vía Juan de Acosta, Km 15, Juan de Acosta, Atlántico, Colombia","Playas, Deportes, Náutica","{lng: -75.0300, lat: 10.8500}","Playa de Salinas del Rey, en Juan de Acosta, es una playa extensa conocida por sus fuertes vientos, ideal para deportes acuáticos como kitesurf y windsurf. Ofrece relax total y vistas al mar Caribe, con opciones de comida típica. Consejos: Contrate instructores para deportes; lleve protector solar. Cómo llegar: Desde Barranquilla, tome un autobús a Juan de Acosta (1 h). Abierto todo el día.",,"https://firebasestorage.googleapis.com/v0/b/visitatlantico-f5c09.firebasestorage.app/o/playa%20salinas%20del%20rey.webp?alt=media&token=aab987c2-fb50-4702-8a32-e1fd062a84b9, https://firebasestorage.googleapis.com/v0/b/visitatlantico-f5c09.firebasestorage.app/o/salinas%20(1).webp?alt=media&token=fe31ee97-2b69-4ae3-9bde-b9d8719331bd, https://firebasestorage.googleapis.com/v0/b/visitatlantico-f5c09.firebasestorage.app/o/salinas.webp?alt=media&token=45aa1507-9a76-4ab0-9b4b-22a45a9e4c35",,No Disponible,No Disponible,Paraíso mundial del kiteSurf y aventuras acuáticas,No Disponible
playa-de-santa-vernica,Playa de Santa Verónica,"Vía Juan de Acosta, Km 10, Juan de Acosta, Atlántico, Colombia","Playas, Familia, Festivales","{lng: -75.0250, lat: 10.8450}","Playa de Santa Verónica, en Juan de Acosta, es una playa popular con arenas blancas y un ambiente festivo, ideal para familias y festivales y eventos. Sus aguas son aptas para nadar, y los quioscos ofrecen mariscos frescos. Consejos: Lleve sombrilla; visite durante eventos locales. Cómo llegar: Desde Barranquilla, tome un autobús a Juan de Acosta (1 h). Abierto todo el día.",,https://firebasestorage.googleapis.com/v0/b/visitatlantico-f5c09.firebasestorage.app/o/playa%20de%20santa%20veronica.webp?alt=media&token=78c6c668-af3e-4e6a-b4c1-2dbbb22abecc,,No Disponible,No Disponible,Palmeras y sabor caribeño en Santa Verónica,No Disponible
playa-mendoza,Playa Mendoza,"Vía Puerto Colombia, Km 3, Puerto Colombia, Atlántico, Colombia","Playas, Naturaleza, Relax","{lng: -74.8850, lat: 11.0200}","Playa Mendoza, en Puerto Colombia, es una playa tranquila que ofrece playas urbanas & relax con vistas al mar Caribe. Es perfecta para caminatas y relajación, con restaurantes cercanos que sirven mariscos frescos. Consejos: Lleve protector solar; visite entre semana. Cómo llegar: Desde Barranquilla, tome un autobús o taxi a Puerto Colombia (20 min). Abierto todo el día.",,https://firebasestorage.googleapis.com/v0/b/visitatlantico-f5c09.firebasestorage.app/o/playa%20mendoza.webp?alt=media&token=0e3d59d4-eae5-4b24-ae2c-8a5f8064cc7c,,No Disponible,No Disponible,Excelente oferta gastronómica y naturaleza en Tubará,No Disponible
playa-miramar,Playa Miramar,"Cl. 1 #2-50, Puerto Colombia, Atlántico, Colombia","Playas, Gastronomía, Nocturna","{lng: -74.8900, lat: 11.0220}","Playa Miramar, en Puerto Colombia, es una playa urbana & relax con un ambiente animado, ideal para la vida nocturna chic y la ruta de sabores marinos. Sus restaurantes ofrecen mariscos frescos y cócteles. Consejos: Visite al atardecer; pruebe la gastronomía local. Cómo llegar: Desde Barranquilla, tome un autobús o taxi a Puerto Colombia (20 min). Abierto todo el día.",,https://firebasestorage.googleapis.com/v0/b/visitatlantico-f5c09.firebasestorage.app/o/playa%20miramar.webp?alt=media&token=785d42d4-d679-40ee-9cdf-6fbbc9970dbf,,No Disponible,No Disponible,Ideal para familias con niños pequeños y deportes náuticos,No Disponible
playa-modelo,Playa Modelo,"Vía Tubará, Km 12, Tubará, Atlántico, Colombia","Playas, Naturaleza, Acuáticos","{lng: -74.9700, lat: 10.8800}","Playa Modelo, en Tubará, es una playa tranquila con aguas calmadas, ideal para deportes acuáticos como natación y snorkel. Ofrece relax total en un entorno natural, perfecto para desconectarse. Consejos: Lleve equipo de playa; respete el entorno. Cómo llegar: Desde Barranquilla, tome un taxi o autobús a Tubará (30 min). Abierto todo el día.",,https://firebasestorage.googleapis.com/v0/b/visitatlantico-f5c09.firebasestorage.app/o/playa%20modelo.webp?alt=media&token=6e198452-80b0-4474-9522-55299c2c11e5,,No Disponible,No Disponible,Relax y gastronomía junto al mar a pocos minutos de la ciudad,No Disponible
playa-palmarito,Playa Palmarito,"Vía Juan de Acosta, Km 8, Juan de Acosta, Atlántico, Colombia","Playas, Naturaleza, EcoTurismo","{lng: -75.0200, lat: 10.8400}","Playa Palmarito, en Juan de Acosta, es una playa virgen rodeada de palmeras, ideal para playas urbanas & relax y ecoturismo. Su ambiente tranquilo es perfecto para caminatas y relajación. Consejos: Lleve comida y agua; visite entre semana. Cómo llegar: Desde Barranquilla, tome un autobús a Juan de Acosta (1 h). Abierto todo el día.",,https://firebasestorage.googleapis.com/v0/b/visitatlantico-f5c09.firebasestorage.app/o/playa%20palmarito.webp?alt=media&token=37ba7db3-5396-4e35-8e16-b2b77513a649,,No Disponible,No Disponible,Una playa tranquila y limpia para disfrutar la calma,No Disponible
playa-pradomar,Playa Pradomar,"Cra. 2 #1-50, Puerto Colombia, Atlántico, Colombia","Playas, Deportes, Nocturna","{lng: -74.8870, lat: 11.0180}","Playa Pradomar, en Puerto Colombia, es una playa popular con bares y deportes acuáticos como kitesurf y paddleboard. Ofrece vida nocturna chic y mariscos frescos de la ruta de sabores marinos. Consejos: Reserve actividades náuticas; visite al atardecer. Cómo llegar: Desde Barranquilla, tome un autobús o taxi a Puerto Colombia (20 min). Abierto todo el día.",,https://firebasestorage.googleapis.com/v0/b/visitatlantico-f5c09.firebasestorage.app/o/playa%20pradomar.webp?alt=media&token=d5fc0259-2fea-4008-8e9d-1afc00da790f,,No Disponible,No Disponible,Surf y excelente ambiente en la costa de Salgar,No Disponible
playa-puerto-caimn,Playa Puerto Caimán,"Vía Tubará, Km 15, Tubará, Atlántico, Colombia","Playas, Pesca, Naturaleza","{lng: -74.9750, lat: 10.8850}","Playa Puerto Caimán, en Tubará, es una playa tranquila ideal para la pesca y el relax total. Sus vistas al mar Caribe y su entorno natural la hacen perfecta para desconectarse. Consejos: Lleve equipo de pesca; respete el entorno. Cómo llegar: Desde Barranquilla, tome un taxi o autobús a Tubará (30 min). Abierto todo el día.",,https://firebasestorage.googleapis.com/v0/b/visitatlantico-f5c09.firebasestorage.app/o/playa%20puerto%20caiman.webp?alt=media&token=052e3377-1479-4b8a-a93f-840332cc001e,,No Disponible,No Disponible,Un espacio de paz y naturaleza,No Disponible
playa-puerto-velero,Playa Puerto Velero,"Vía Juan de Acosta, Km 20, Juan de Acosta, Atlántico, Colombia","Playas, Náutica, Bienestar","{lng: -75.0350, lat: 10.8550}","Playa Puerto Velero, en Juan de Acosta, es una playa exclusiva con resorts y deportes acuáticos como kitesurf. Ofrece bienestar & spa con yoga y retiros junto al mar. Consejos: Reserve actividades con antelación; lleve protector solar. Cómo llegar: Desde Barranquilla, tome un autobús a Juan de Acosta (1 h). Abierto todo el día.",,https://firebasestorage.googleapis.com/v0/b/visitatlantico-f5c09.firebasestorage.app/o/playa%20puerto%20velero.webp?alt=media&token=936d8e3c-8e26-4d96-8df7-db4e094fa266,,No Disponible,No Disponible,Navegación y deportes de vela en un entorno exclusivo,No Disponible
playa-punta-astilleros,Playa Punta Astilleros,"Vía Puerto Colombia, Km 7, Puerto Colombia, Atlántico, Colombia","Playas, Naturaleza, Fotografía","{lng: -74.9050, lat: 11.0350}","Playa Punta Astilleros, en Puerto Colombia, es una playa tranquila con vistas al horizonte caribeño, ideal para playas urbanas & relax. Es perfecta para caminatas y fotografía. Consejos: Lleve cámara y protector solar; visite entre semana. Cómo llegar: Desde Barranquilla, tome un autobús o taxi a Puerto Colombia (20 min). Abierto todo el día.",,https://firebasestorage.googleapis.com/v0/b/visitatlantico-f5c09.firebasestorage.app/o/playa%20punta%20astilleros.webp?alt=media&token=0b33b7d7-0831-4f91-9d3d-b22b9f9aca59,,No Disponible,No Disponible,Desconexión total en un entorno paradisíaco,No Disponible
playa-salgarito,Playa Salgarito,"Vía Puerto Colombia, Km 2, Puerto Colombia, Atlántico, Colombia","Playas, Naturaleza, Fotografía","{lng: -74.8800, lat: 11.0150}","Playa Salgarito, en Puerto Colombia, es una playa pequeña cerca del Castillo de Salgar, ideal para relax total y fotografía. Su cercanía al muelle la hace perfecta para combinar con historia portuaria. Consejos: Combine con el Castillo; lleve agua. Cómo llegar: Desde Barranquilla, tome un autobús o taxi a Puerto Colombia (20 min). Abierto todo el día.",,https://firebasestorage.googleapis.com/v0/b/visitatlantico-f5c09.firebasestorage.app/o/playa%20salgarito.webp?alt=media&token=c19c1549-91a7-4b69-8b8c-bd39ef2be5f8,,No Disponible,No Disponible,Tranquilidad y encanto de arenas oscuras,No Disponible
playa-solinilla,Playa Solinilla,"Vía Tubará, Km 18, Tubará, Atlántico, Colombia","Playas, Naturaleza, EcoTurismo","{lng: -74.9800, lat: 10.8900}","Playa Solinilla, en Tubará, es una playa virgen con arenas doradas, ideal para playas urbanas & relax y ecoturismo. Su tranquilidad es perfecta para desconectarse. Consejos: Lleve comida y agua; respete el entorno. Cómo llegar: Desde Barranquilla, tome un taxi o autobús a Tubará (30 min). Abierto todo el día.",,https://firebasestorage.googleapis.com/v0/b/visitatlantico-f5c09.firebasestorage.app/o/playa%20solinilla.webp?alt=media&token=37af7dd5-f41f-4a02-86ed-3adbf56f38e1,,No Disponible,No Disponible,Disfruta de un hermoso atardecer en la costa atlántica,No Disponible
playa-tubar,Playa Tubará,"Vía Tubará, Km 20, Tubará, Atlántico, Colombia","Playas, Naturaleza, Acuáticos","{lng: -74.9850, lat: 10.8950}","Playa Tubará es una playa tranquila con vistas al mar Caribe, ideal para deportes acuáticos como natación y relax total. Su entorno natural la hace perfecta para caminatas. Consejos: Lleve equipo de playa; visite entre semana. Cómo llegar: Desde Barranquilla, tome un taxi o autobús a Tubará (30 min). Abierto todo el día.",,https://firebasestorage.googleapis.com/v0/b/visitatlantico-f5c09.firebasestorage.app/o/playa%20tubara.webp?alt=media&token=d7e97726-25cc-4c63-9a80-8540ed1e6a5b,,No Disponible,No Disponible,El paraíso secreto de la costa atlántica,No Disponible
playas-de-sabanilla,Playas de Sabanilla,"Vía Puerto Colombia, Km 1, Puerto Colombia, Atlántico, Colombia","Playas, Gastronomía, Nocturna","{lng: -74.8750, lat: 11.0100}","Las Playas de Sabanilla, en Puerto Colombia, son un conjunto de playas urbanas & relax con ambiente animado y restaurantes que sirven mariscos frescos de la ruta de sabores marinos. Son ideales para familias y vida nocturna chic. Consejos: Visite al atardecer; pruebe la gastronomía local. Cómo llegar: Desde Barranquilla, tome un autobús o taxi a Puerto Colombia (20 min). Abierto todo el día.",,https://firebasestorage.googleapis.com/v0/b/visitatlantico-f5c09.firebasestorage.app/o/playas%20de%20sabanilla%20sector%20country.webp?alt=media&token=c07ea709-d829-4145-b9a3-ab208e3f6608,,No Disponible,No Disponible,Un balneario con diversión y confort para toda la familia,No Disponible
plaza-central-de-usiacur,Plaza Central de Usiacurí,"Cra. 6 #6-50, Usiacurí, Atlántico, Colombia","Cultura, Artesanías, Historia","{lng: -74.9750, lat: 10.7400}","La Plaza Central de Usiacurí es el corazón del municipio, famoso por sus artesanías locales en palma de iraca. Rodeada de casas coloniales, ofrece una inmersión cultural con mercados de mochilas y sombreros tejidos. La estatua de la Musa Tejedora es un punto instagrameable. Consejos: Visite el mercado los fines de semana; combine con la Casa Museo Julio Flórez. Cómo llegar: Desde Barranquilla, tome un autobús a Usiacurí (45 min). Abierto todo el día.",,https://firebasestorage.googleapis.com/v0/b/visitatlantico-f5c09.firebasestorage.app/o/plaza%20de%20usiacuri.webp?alt=media&token=f8bc104e-3468-4fad-ae85-a71108a523b8,,Abierto las 24 horas,No Disponible,Una mirada panorámica al encanto de Usiacurí.,https://www.usiacuriplaza.com
plaza-de-baranoa,Plaza de Baranoa,"Cra. 19 #17-50, Baranoa, Atlántico, Colombia","Cultura, Festivales, Gastronomía","{lng: -74.9100, lat: 10.7900}","La Plaza de Baranoa es un espacio vibrante que alberga festivales y eventos, como presentaciones de ritmos y bailes caribeños. Rodeada de arquitectura colonial, es ideal para una inmersión cultural y disfrutar de comida típica. Consejos: Visite durante festivales; combine con el MUHBA. Cómo llegar: Desde Barranquilla, tome un autobús a Baranoa (30 min). Abierto todo el día.",,https://firebasestorage.googleapis.com/v0/b/visitatlantico-f5c09.firebasestorage.app/o/plaza%20de%20baranoa.webp?alt=media&token=fee5964f-9808-4812-8baf-00526888a4c5,,Abierto las 24 horas,No Disponible,El corazón cultural de Baranoa.,https://www.baranoaplaza.com
plaza-de-la-aduana,Plaza de La Aduana,"Cl. 34 #40-50, Barranquilla, Atlántico, Colombia","Historia, Cultura, Fotografía","{lng: -74.7800, lat: 10.9700}","La Plaza de La Aduana, en el centro de Barranquilla, es un sitio histórico rodeado de edificios coloniales, ideal para una inmersión cultural en la historia portuaria. Cerca del Museo del Atlántico, ofrece un ambiente para explorar tradiciones. Consejos: Visite por la mañana; combine con el museo. Cómo llegar: Desde Barranquilla, tome un taxi o autobús al centro (10 min). Abierto todo el día.",,https://firebasestorage.googleapis.com/v0/b/visitatlantico-f5c09.firebasestorage.app/o/plaza%20de%20la%20aduana.webp?alt=media&token=0bb0ac96-b5bf-4041-afc5-f7a7f55d34d0,,8 AM - 6 PM,#ERROR!,A gateway to Barranquilla's rich past.,https://www.barranquilla.gov.co
plaza-de-la-paz,Plaza de La Paz,"Cra. 45 #53-50, Barranquilla, Atlántico, Colombia","Cultura, Familia, Historia","{lng: -74.7950, lat: 10.9850}","La Plaza de La Paz, cerca de la Catedral Metropolitana, es un espacio céntrico en Barranquilla ideal para familias y una inmersión cultural. Su ambiente comunitario y eventos culturales la hacen perfecta para explorar la vida local. Consejos: Visite por la mañana; combine con la catedral. Cómo llegar: Desde Barranquilla, tome un taxi o autobús al centro (10 min). Abierto todo el día.",,https://firebasestorage.googleapis.com/v0/b/visitatlantico-f5c09.firebasestorage.app/o/plaza%20de%20la%20paz.webp?alt=media&token=02f98353-6106-458c-a434-24f760e5f084,,Abierto las 24 horas,No Disponible,"Un lugar de paz, historia y cultura.",https://www.barranquillaplazas.com
plaza-de-puerto-colombia,Plaza de Puerto Colombia,"Plaza Francisco Javier Cisneros, Puerto Colombia, Atlántico, Colombia","Cultura, Gastronomía, Festivales","{lng: -74.95911, lat: 10.98873}","La Plaza de Puerto Colombia, conocida como Plaza Francisco Javier Cisneros, es el corazón del centro histórico de Puerto Colombia, a pocos pasos del icónico Muelle de 1888, un hito de la historia portuaria. Con más de 30,000 m², esta plaza es un punto de inmersión cultural donde los visitantes pueden disfrutar de festivales y eventos, como presentaciones de ritmos y baile caribeños, incluyendo cumbia y mapalé, especialmente durante el Carnaval de Barranquilla. Los fines de semana, la plaza se llena de vida con música tropical y una ruta de sabores marinos, ofreciendo mariscos frescos, empanadas, arepas con huevo y el refrescante raspao. Los mercados de artesanías locales permiten adquirir souvenirs únicos, como tejidos y joyería, apoyando a los artesanos. Su cercanía al Malecón del Mar la hace ideal para combinar con caminatas y fotografía. Consejos: Visite al atardecer para capturar la brisa marina y el ambiente nocturno chic. Lleve efectivo para compras y pruebe la comida típica. Cómo llegar: Desde Barranquilla, tome un autobús o taxi a Puerto Colombia (20 min). La plaza está en el centro, cerca del muelle. Abierto todo el día.",,https://firebasestorage.googleapis.com/v0/b/visitatlantico-f5c09.firebasestorage.app/o/plaza%20de%20puerto%20colombia.webp?alt=media&token=3baebac7-c9eb-4d21-91d7-4e456d9ef2ee,,Abierto las 24 horas,No Disponible,Naturaleza y cultura entrelazadas en Puerto Colombia.,https://www.puertocolombiaplaza.com
plaza-de-santo-toms,Plaza de Santo Tomás,"Cl. 3 #528, Santo Tomás, Atlántico, Colombia","Cultura, Festivales, Gastronomía","{lng: -74.75, lat: 10.7611}","La Plaza de Santo Tomás es el epicentro cultural de este municipio, conocido por su vibrante Carnaval Intermunicipal y la Batalla de Flores, declarados Patrimonio Cultural de la Nación. Esta plaza de 8,500 m² es un espacio de inmersión cultural donde se realizan festivales y eventos, como desfiles de Caballito de Palo y presentaciones de ritmos y baile, incluyendo cumbia y salsa. Durante la Semana Santa, la plaza acoge procesiones y actos litúrgicos, reflejando la devoción local. Los visitantes pueden disfrutar de sabores locales en puestos de comida que ofrecen arepas, empanadas y dulces típicos. La plaza está rodeada de arquitectura colonial, ideal para fotografía y spots instagrameables. Consejos: Visite durante el Carnaval o Semana Santa para una experiencia completa. Lleve efectivo para mercados locales. Cómo llegar: Desde Barranquilla, tome un autobús a Santo Tomás (40 min). La plaza está en el centro, accesible a pie. Abierto todo el día.",,https://firebasestorage.googleapis.com/v0/b/visitatlantico-f5c09.firebasestorage.app/o/plaza%20de%20santo%20tomas.webp?alt=media&token=64171f31-37b8-4e85-a35c-11aeac4800bc,,Abierto las 24 horas,No Disponible,Recreación y cultura en Santo Tomás.,https://www.santotomasplaza.com
plaza-la-libertad,Plaza La Libertad,"Parque de la Libertad, Candelaria, Atlántico, Colombia","Cultura, Relax, Ritmos y baile","{lng: -74.8806, lat: 10.4585}","La Plaza La Libertad, también conocida como Parque de la Libertad, es el corazón del municipio de Candelaria, ubicada frente a la iglesia principal. Este espacio público es ideal para una inmersión cultural en la vida cotidiana de este pequeño pueblo ribereño. Recientemente remodelada, la plaza ofrece un ambiente de relax total, con bancos para descansar y observar la arquitectura local. Durante eventos culturales, como las danzas de Negros Azules de Carreto, se convierte en un escenario de ritmos y baile, reflejando las tradiciones afrocolombianas del sur del Atlántico. Los visitantes pueden encontrar pequeños puestos de sabores locales, como bollos y dulces. Consejos: Visite por la mañana para evitar el calor. Lleve agua y explore los alrededores para encontrar cafés. Cómo llegar: Desde Barranquilla, tome un autobús a Candelaria (1 h). La plaza está en el centro, a pasos de la terminal de buses. Abierto todo el día.",,https://firebasestorage.googleapis.com/v0/b/visitatlantico-f5c09.firebasestorage.app/o/plaza%20de%20la%20libertad%203.webp?alt=media&token=152b55e5-726d-4120-90e6-306881aa0caa,,Abierto las 24 horas,No Disponible,"Libertad, cultura y comunidad en Candelaria.",https://www.candelariaplaza.com
plaza-las-madres-tubar,Plaza Las Madres Tubará,"Plaza de las Madres, Tubará, Atlántico, Colombia","Cultura, Historia, Familia","{lng: -74.983, lat: 10.883}","La Plaza Las Madres en Tubará es un espacio renovado que rinde homenaje a la etnia Mokaná, con una inversión de $8,978 millones. Con más de 6,000 m², esta plaza ofrece una inmersión cultural a través de petroglifos en el piso que aluden a la Piedra Pintada, un sitio arqueológico cercano. Equipada con un parque infantil, gimnasio biosaludable y quioscos de artesanías locales, es ideal para familias y amantes de la historia. Los visitantes pueden disfrutar de festivales y eventos culturales, así como de sabores locales en los quioscos. Su diseño moderno y su entorno natural la convierten en un spot instagrameable. Consejos: Visite para aprender sobre la cultura Mokaná. Lleve cámara y compre artesanías. Cómo llegar: Desde Barranquilla, tome un autobús o taxi a Tubará (30 min). La plaza está al lado de la iglesia. Abierto todo el día.",,https://firebasestorage.googleapis.com/v0/b/visitatlantico-f5c09.firebasestorage.app/o/plaza%20las%20madres%20tubara.webp?alt=media&token=687e2009-34f8-486c-a107-6564926cd1fd,,Abierto las 24 horas,No Disponible,Celebra la cultura de Tubará.,https://www.tubaraplaza.com
plaza-son-de-negro-santa-luca,Plaza Son de Negro Santa Lucía,"Cl. 7 #9-119, Santa Lucía, Atlántico, Colombia","Cultura, Festivales, Ritmos y baile","{lng: -74.95, lat: 10.317}","La Plaza Son de Negro en Santa Lucía es el epicentro del Festival Nacional Son de Negro, una celebración que exalta la danza afrocolombiana homónima, caracterizada por danzantes pintados de negro con sombreros floridos. Este evento, que atrae a miles de visitantes, ofrece una inmersión cultural con ritmos y baile, talleres, exposiciones y artesanías locales. La plaza, ubicada en el centro del municipio, es un espacio vibrante donde se realizan desfiles y presentaciones de música tradicional. Los puestos de sabores locales ofrecen delicias como sancocho y bollos. Consejos: Visite durante el festival (octubre) para una experiencia única. Lleve cámara para capturar los desfiles. Cómo llegar: Desde Barranquilla, tome un autobús a Santa Lucía (1.5 h). La plaza está en el centro. Abierto todo el día.",,https://firebasestorage.googleapis.com/v0/b/visitatlantico-f5c09.firebasestorage.app/o/plaza%20son%20de%20negro%20santa%20lucia.webp?alt=media&token=148d8264-d814-4f22-95ef-c538c0ccc54b,,Abierto las 24 horas,No Disponible,A lively cultural homage in Santa Lucía.,https://www.santaluciaplaza.com
ranch-texas,Ranch Texas,"Km 14, Vía la Cordialidad, Baranoa, Atlántico, Colombia","Familia, Aventura, Naturaleza","{lng: -74.9167, lat: 10.7940}","Ranch Texas es un parque temático ecuestre en Baranoa, a 40 minutos de Barranquilla, que combina la magia del campo con atracciones modernas. Este destino de aventura activa ofrece un parque acuático, Granja Jurásica con réplicas de dinosaurios, shows de caballos y caninos, y una granja interactiva. Ideal para familias, cuenta con áreas de picnic y restaurantes con sabores locales, como carimañolas y asados. Su ambiente de viejo oeste lo hace un spot instagrameable. Consejos: Lleve traje de baño y protector solar. Reserve para grupos grandes. Cómo llegar: Desde Barranquilla, tome la Vía la Cordialidad hasta el Km 14, antes del peaje de Baranoa. Abierto sábados y domingos, 10:00 a.m. a 6:00 p.m.",,https://firebasestorage.googleapis.com/v0/b/visitatlantico-f5c09.firebasestorage.app/o/ranch%20texas.webp?alt=media&token=00ad019c-cd63-4c51-a78c-9da4eba953bc,,No Disponible,(+57) 302 409 9873,Experiencia ecuestre y actividades de aventura,www.parqueranchtexas.com
reserva-natural-de-luriza,Reserva Natural de Luriza,"A 6 km del casco urbano, Usiacurí, Atlántico, Colombia","Naturaleza, EcoTurismo, Avistamiento","{lng: -74.983, lat: 10.75}","La Reserva Natural de Luriza, ubicada a 6 km de Usiacurí, es la primera área protegida del Atlántico, con más de 470,000 hectáreas de bosque seco tropical. Este destino de ecoturismo & manglares es ideal para el avistamiento de aves, con más de 250 especies, y senderismo. Alberga fauna endémica como el mono cotudo y plantas amenazadas. Consejos: Lleve binoculares, ropa cómoda y repelente. Contrate un guía local. Cómo llegar: Desde Barranquilla, tome un autobús a Usiacurí (45 min) y luego un mototaxi a la reserva. Abierto todos los días, 8:00 a.m. a 5:00 p.m.",,"https://firebasestorage.googleapis.com/v0/b/visitatlantico-f5c09.firebasestorage.app/o/reserva%20natural%20de%20luriza.webp?alt=media&token=cb455c3b-2e52-400c-a383-fbf570460a84, https://firebasestorage.googleapis.com/v0/b/visitatlantico-f5c09.firebasestorage.app/o/plaz%20nat%202.webp?alt=media&token=e164108a-8649-4bee-ba0a-d007d6775411, https://firebasestorage.googleapis.com/v0/b/visitatlantico-f5c09.firebasestorage.app/o/plaza%20nat%20mono.webp?alt=media&token=02c0516f-fb74-42c5-a545-d7951b36795b",,No Disponible,No Disponible,Aventuras entre árboles gigantes y fauna silvestre,No Disponible
reserva-natural-los-charcones,Reserva Natural Los Charcones,"A 2 km del casco rural, Piojó, Atlántico, Colombia","Naturaleza, EcoTurismo, Aventura","{lng: -75.1098, lat: 10.7487}","La Reserva Natural Los Charcones en Piojó es la primera reserva de sociedad civil del Atlántico, con 42.98 hectáreas de bosque seco tropical. Este oasis de ecoturismo & manglares cuenta con pozos naturales de hasta 6 metros, ideales para relax total y aventura activa. Alberga aves, insectos y mamíferos como el mono aullador. Consejos: Lleve traje de baño, calzado de senderismo y binoculares. Cómo llegar: Desde Barranquilla, tome la Vía al Mar hasta Piojó (46 km). Abierto todos los días, 8:00 a.m. a 5:00 p.m.",,https://firebasestorage.googleapis.com/v0/b/visitatlantico-f5c09.firebasestorage.app/o/los%20charcones.webp?alt=media&token=40929dab-6150-4757-8268-0665489b3ac2,,No Disponible,(+57) 301 576 6142,Bosque seco tropical lleno de vida y biodiversidad,www.atlanticoesmas.com
reserva-natural-palmar-del-tit,Reserva Natural Palmar del Tití,"Entre Luruaco y Piojó, Atlántico, Colombia","Naturaleza, EcoTurismo, Avistamiento","{lng: -75.13, lat: 10.68}","La Reserva Natural Palmar del Tití, con 2,622 hectáreas entre Luruaco y Piojó, es un distrito de manejo integrado dedicado a proteger al tití cabeciblanco, un primate en peligro crítico. Este destino de ecoturismo & manglares ofrece senderismo y avistamiento de fauna en un bosque seco tropical. Consejos: Lleve binoculares y ropa cómoda. Contacte a la CRA para guías. Cómo llegar: Desde Barranquilla, tome la vía a Luruaco o Piojó (1 h). Abierto todos los días, 8:00 a.m. a 5:00 p.m.",,"https://firebasestorage.googleapis.com/v0/b/visitatlantico-f5c09.firebasestorage.app/o/palmar%20del%20titi%202.webp?alt=media&token=c3577ac7-af2d-4d02-a635-b349c2c86ef8, https://firebasestorage.googleapis.com/v0/b/visitatlantico-f5c09.firebasestorage.app/o/palmar%20del%20titi.webp?alt=media&token=437cebde-5d76-4d58-9965-0b8d366f61c3",,Lunes a viernes de 8:00 a.m a 5:00 p.m.,(+57) (605) 309 1270,Protección del Tití Cabeciblanco y su hábitat,www.proyectotiti.com
roberto-melndez-metropolitan-stadium,Roberto Meléndez Metropolitan Stadium,"Cl. 46 #1 Sur-45, Barranquilla, Atlántico, Colombia","Deportes, Cultura, Spots instagrameables","{lng: -74.80072222, lat: 10.92686111}","El Estadio Metropolitano Roberto Meléndez, conocido como El Metro, es el principal escenario deportivo de Barranquilla, inaugurado en 1986. Casa del Junior de Barranquilla y la Selección Colombia, este estadio de 46,788 espectadores es un ícono de inmersión cultural en la pasión futbolística caribeña. También acoge conciertos y eventos, siendo un spot instagrameable. Consejos: Lleve ropa cómoda y llegue temprano para partidos. Cómo llegar: Tome un taxi o autobús desde el centro de Barranquilla (15 min). Abierto según eventos.",,https://firebasestorage.googleapis.com/v0/b/visitatlantico-f5c09.firebasestorage.app/o/estadio%20metropolitano%202.webp?alt=media&token=f970e352-850d-4b1e-a955-0d16844aefaa,,8 AM - 8 PM,No Disponible,Where Colombian football history comes alive.,https://www.metropolitanostadium.com.co
santuario-mariano-nuestra-seora-del-carmen,Santuario Mariano Nuestra Señora del Carmen,"Cl. 3 #7-18, Puerto Colombia, Atlántico, Colombia","Cultura, Historia","{lng: -74.9547, lat: 10.9876}","El Santuario Mariano Nuestra Señora del Carmen en Puerto Colombia es un templo católico que refleja la devoción mariana de la región. Su arquitectura colonial y su ubicación cerca del Muelle de 1888 lo hacen ideal para una inmersión cultural e histórica. Durante la fiesta del Carmen (julio), se realizan procesiones y festivales. Consejos: Visite durante la fiesta para una experiencia espiritual. Use ropa adecuada. Cómo llegar: Desde Barranquilla, tome un autobús o taxi a Puerto Colombia (20 min). Abierto de lunes a viernes, 9:00 a.m. a 5:00 p.m.",,https://firebasestorage.googleapis.com/v0/b/visitatlantico-f5c09.firebasestorage.app/o/santuario%20mariano%20nuestra%20sen%CC%83ora%20del%20carmen%201.webp?alt=media&token=37d4e5b9-5ace-412c-8361-772911698b59,,Abierto las 24 horas,No disponible,Un lugar mágico lleno de historia y devoción.,https://www.santuariodelcarmenpuertocolombia.com
sendero-ecoturstico-chorro-de-san-luis,Sendero Ecoturístico Chorro de San Luis,"Vía a Pital, Luruaco, Atlántico, Colombia","Naturaleza, EcoTurismo, Aventura","{lng: -75.1423, lat: 10.6096}","El Sendero Ecoturístico Chorro de San Luis en Luruaco es un destino de ecoturismo & manglares que ofrece caminatas por senderos naturales hasta pozos y cascadas. Rodeado de bosque seco tropical, es ideal para aventura activa y avistamiento de aves. Consejos: Lleve calzado cómodo, repelente y agua. Contrate un guía local. Cómo llegar: Desde Barranquilla, tome un autobús a Luruaco (1 h) y luego un mototaxi. Abierto todos los días, 8:00 a.m. a 5:00 p.m.",,https://firebasestorage.googleapis.com/v0/b/visitatlantico-f5c09.firebasestorage.app/o/chorro.webp?alt=media&token=b1b31234-ce92-4bc7-a6b3-266b37fa9d11,,No Disponible,No Disponible,Senderismo y belleza natural en Tubará,www.atlanticoesmas.com
taller-el-congo-real,Taller El Congo Real,"Cra. 43 #50-50, Barranquilla, Atlántico, Colombia","Cultura, Artesanías, Festivales","{lng: -74.7900, lat: 10.9900}","El Taller El Congo Real en Barranquilla es un espacio donde se crean trajes y máscaras para el Carnaval, ofreciendo una inmersión cultural en las tradiciones del Atlántico. Los visitantes pueden participar en talleres de artesanías locales y aprender sobre los ritmos y baile del Carnaval. Consejos: Reserve una visita antes del Carnaval (febrero). Lleve cámara. Cómo llegar: Tome un taxi o autobús al centro de Barranquilla (10 min). Abierto de lunes a viernes, 9:00 a.m. a 5:00 p.m.",,https://firebasestorage.googleapis.com/v0/b/visitatlantico-f5c09.firebasestorage.app/o/congo%20real.webp?alt=media&token=4b56635e-d894-423a-bcb1-bfdd152f3fb0,,No Disponible,No Disponible,Las máscaras que dan vida al carnaval,No Disponible
va-parque-nacional-isla-de-salamanca,Vía Parque Nacional Isla de Salamanca,"Vía a Ciénaga, Km 10, Barranquilla, Atlántico, Colombia","Naturaleza, EcoTurismo, Avistamiento","{lng: -74.6500, lat: 11.0500}","La Vía Parque Nacional Isla de Salamanca es un parque nacional con manglares y senderos, ideal para ecoturismo & manglares y avistamiento de aves. Este ecosistema único ofrece recorridos educativos y vistas al mar Caribe. Consejos: Lleve binoculares y repelente. Reserve una visita guiada. Cómo llegar: Desde Barranquilla, tome un autobús a Ciénaga (1 h). Abierto todos los días, 8:00 a.m. a 5:00 p.m.",,https://firebasestorage.googleapis.com/v0/b/visitatlantico-f5c09.firebasestorage.app/o/isla%20salamanca.webp?alt=media&token=f509eba1-bf07-473a-9051-de84932ab7eb,,8:00 AM – 4:00 PM,(+57) (601) 353 2400,Explora el refugio de vida silvestre y manglares,www.parquesnacionales.gov.co
villa-zunilda,Villa Zunilda,"Cl. 6 #5-50, Usiacurí, Atlántico, Colombia","Cultura, Artesanías, Compras","{lng: -74.9700, lat: 10.7350}","Villa Zunilda en Usiacurí es un centro artesanal que promueve el tejido de palma de iraca, una tradición local. Este espacio ofrece talleres de artesanías locales y una inmersión cultural en la historia del municipio. Los visitantes pueden adquirir mochilas y sombreros tejidos. Consejos: Participe en talleres y compre souvenirs. Cómo llegar: Desde Barranquilla, tome un autobús a Usiacurí (45 min). Abierto de lunes a sábado, 9:00 a.m. a 5:00 p.m.",,https://firebasestorage.googleapis.com/v0/b/visitatlantico-f5c09.firebasestorage.app/o/villa%20zunilda.webp?alt=media&token=574941cc-8f4b-4894-bc1c-ef58eae47043,,No Disponible,(+57) 317 501 1076 - (+57) 316 578 0033,Un escape agrotemático para relajarse y disfrutar,www.villazunilda.com
vitrina-artesanal-arte-y-tejido,Vitrina Artesanal 'Arte y Tejido',"Cl. 84 #64-50, Barranquilla, Atlántico, Colombia","Artesanías, Cultura, Compras","{lng: -74.8100, lat: 11.0020}","La Vitrina Artesanal 'Arte y Tejido' en Barranquilla es un espacio dedicado a las artesanías locales, como tejidos y cerámicas, inspiradas en el Carnaval. Ofrece talleres y una experiencia de inmersión cultural para los visitantes. Consejos: Lleve efectivo y visite por la mañana. Cómo llegar: Tome un taxi o autobús por la Calle 84 (12 min desde el centro). Abierto de lunes a sábado, 9:00 a.m. a 6:00 p.m.",,https://firebasestorage.googleapis.com/v0/b/visitatlantico-f5c09.firebasestorage.app/o/arte%20y%20tejido.webp?alt=media&token=f69ddf00-4f7d-4905-b16a-a7a36f8a316f,,No Disponible,"(+57) (605) 330 6000 Ext - 7320, (+57) 310 684 7513",Tejidos únicos de la comunidad de Chorrera,No Disponible
artesanías-del-atlántico,Artesanías del Atlántico,"Cl. 84 #64-29, Riomar, Barranquilla, Atlántico, Colombia","Artesanías, Cultura, Compras","{lng: -74.80984, lat: 11.001677}","Artesanías del Atlántico es un programa emblemático de la Gobernación del Atlántico, gestionado por la Secretaría de Cultura y Patrimonio, que busca preservar y promover las tradiciones artesanales del departamento. Su Centro de Exhibición y Promoción, ubicado en el vibrante barrio Riomar de Barranquilla, es un espacio donde más de 4,000 artesanos de los 23 municipios del Atlántico exhiben su talento. Aquí, los visitantes pueden adquirir productos únicos como mochilas tejidas a mano, canastos de fique, joyería en palma de iraca y tallas en madera, que reflejan la rica cultura caribeña. Los precios varían entre 10,000 y 500,000 COP, accesibles para diversos presupuestos. Este proyecto, impulsado por la gobernadora Elsa Noguera desde 2020, fortalece 250 unidades productivas con capacitaciones en diseño, innovación y gestión comercial, mejorando la calidad de vida de los artesanos. Sus creaciones, inspiradas en tradiciones como el Carnaval de Barranquilla, se exportan a países como Francia, España y Japón, destacando en ferias internacionales como Maison&Objet. El centro ofrece talleres de artesanías locales, ideales para una inmersión cultural, especialmente antes del Carnaval, cuando se exhiben máscaras y disfraces. Consejos: Lleve efectivo para compras pequeñas, participe en talleres y visite durante ferias artesanales para una experiencia completa. Cómo llegar: Desde el centro de Barranquilla, tome un taxi (10-15 min) o un autobús por la Carrera 64. Abierto de lunes a sábado, 10:00 a.m. a 7:00 p.m.",,https://firebasestorage.googleapis.com/v0/b/visitatlantico-f5c09.firebasestorage.app/o/Artesanias-del-atlantico.png?alt=media&token=535fee6b-4a37-413d-87af-a0a5dcee7b48,,"Abierto de lunes a sábado, 10:00 a.m. a 7:00 p.m.",(+57) (323) 567-3718,"Talleres de artesanías locales, ideales para una inmersión cultural.",https://artesaniasdelatlantico.com/