Document ID,address,categories,description,email,image,name,opening-time,openingTime,phone,tagline,website,lat,lng
aeropuerto-internacional-ernesto-cortissoz,"""Ernesto Cortissoz Barranquilla International Airport, Calle 30, Km 7 Aeropuerto Ernesto Cortissoz, Soledad, Atlántico, Colombia""","Nocturna, Compras, Coctelería","""Aeropuerto Internacional Ernesto Cortissoz, nombrado en honor al pionero de la aviación en Colombia, sirve como la principal puerta aérea que conecta a Barranquilla con destinos nacionales e internacionales. Su ubicación estratégica entre Norteamérica y Sudamérica lo convierte en un punto crucial para los viajeros, garantizando un tránsito fluido a lo largo del continente. Con áreas de espera cómodas, diversas opciones gastronómicas, tiendas libres de impuestos y modernas instalaciones, el aeropuerto está diseñado para satisfacer las necesidades de todo tipo de viajeros...""","""""",https://firebasestorage.googleapis.com/v0/b/visitatlantico-f5c09.firebasestorage.app/o/aeropuerto%20ernesto%20cortizos.webp?alt=media&token=6bbdc4d6-67bf-4932-bf30-7fc0bc155e1c,"""Aeropuerto internacional Ernesto Cortissoz""",,"""24 Hours""","""+57 (605) 316 0900""","""Conecta el caribe con el mundo.""","""https://www.aeropuertocortissoz.com.co""",11.001677,-74.80984
artesanas-de-la-plaza-de-la-convivencia,"""Usiacurí, Atlantico, Colombia""","Eco, Cultura, Historia, Compras, Arte","""En la Plaza de La Convivencia, frente a la Casa Museo Julio Flórez, se encuentran las Artesanas de la Plaza de La Convivencia, un grupo de seis maestras artesanas que ofrecen sus productos elaborados en Palma de Iraca. Estos artículos incluyen accesorios para damas y elementos decorativos para el hogar. Cada pieza es hecha con destreza y dedicación, reflejando la tradición artesanal de la región. Visitar este stand de exposición es una oportunidad única para apreciar la belleza de las artesanías locales y apoyar a las talentosas mujeres que las elaboran.""","""""",https://firebasestorage.googleapis.com/v0/b/visitatlantico-f5c09.firebasestorage.app/o/artesanias%20convivencia.webp?alt=media&token=91b74617-b81f-42f4-be6b-97ec0a5cb2ed,"""Artesanas de la Plaza de La Convivencia""",,"""No Disponible""","""No Disponible""","""Tradición y talento femenino en la Plaza de Usiacurí""","""No Disponible""",10.743516,-74.97886
casa-museo-julio-flrez,"""Tv. 20, Usiacurí, Atlántico, Colombia""","Cultura, Historia, Romántico, Arte","""La Casa Museo Julio Flórez es mucho más que una simple residencia; es un viaje al pasado y una puerta hacia el legado del icónico poeta romántico colombiano, Julio Flórez. Situada en el pintoresco municipio de Usiacurí, este lugar histórico no solo conserva la casa donde el poeta pasó sus últimos trece años de vida junto a su esposa Petrona Moreno y sus cinco hijos, sino también su legado literario y cultural. Declarado Patrimonio Cultural de la Nación en 2007, la casa mantiene los colores favoritos del poeta —blanco y azul—, lo cual le otorga una atmósfera auténtica y nostálgica que transporta a los visitantes a una época donde la poesía y el arte jugaban un papel crucial en la vida cotidiana.""","""""",https://firebasestorage.googleapis.com/v0/b/visitatlantico-f5c09.firebasestorage.app/o/casa%20museo%20julio%20florez.webp?alt=media&token=4326c510-e833-4a5d-ad66-f841a5803165,"""Casa Museo Julio Flórez""",,"""Viernes a domingo 1:00 p.m. – 5:00 p.m.""","""(+57) 314 549 9201""","""El hogar del poeta romántico de Colombia""","""www.casamuseojulioflorez.org""",10.746079,-74.980701
catedral-metropolitana-mara-reina,"""Cl. 53 & Cra. 46, Nte. Centro Historico, Barranquilla, Atlántico, Colombia""","Playas, Nocturna, Bienestar, Arte, Coctelería","""La Catedral Metropolitana María Reina es el corazón espiritual de Barranquilla y un testimonio arquitectónico de la fe moderna. Inaugurada en 1982, esta catedral es conocida por su diseño imponente y contemporáneo, que emula una carpa gigante. Con una capacidad para más de 4,000 personas, la catedral es un espacio amplio y lleno de luz, donde los vitrales multicolores bañan el interior con un aura de tranquilidad. Los visitantes se sienten acogidos por el ambiente sereno y su gran nave central que simboliza el abrazo de la fe. Es un lugar ideal para la reflexión espiritual y para admirar la conexión entre el arte moderno y la devoción.""","""""",https://firebasestorage.googleapis.com/v0/b/visitatlantico-f5c09.firebasestorage.app/o/catedral%20metropolitana%20maria%20reina%202.webp?alt=media&token=9b851781-e3a9-4e43-828f-840d60f2276f,"""Catedral Metropolitana María Reina""",,"""Abierto las 24 horas""","""No disponible""","""Un símbolo de la fe y la modernidad en Barranquilla.""","""https://www.catedralmariareina.com""",11.001677,-74.80984
centro-artesanal-corina-urueta,"""Cl. 9A #22-27, Sur Orient, Barranquilla, Atlántico, Colombia""","Cultura, Bienestar, Compras, Arte","""El Centro Artesanal Corina Urueta en Usiacurí es un espacio dedicado a la memoria y desarrollo de la actividad artesanal propia de los usiacureños. Este centro es a la vez una casa, una escuela y un laboratorio donde se tejen sentimientos en fibras y alambres con aguja. Fundado en honor a Corina Urueta, la primera docente en Usiacurí que impulsó las artesanías y logró llevarlas por primera vez a Aruba, San Andrés y Providencia, el centro es un testimonio de la pasión y dedicación a la enseñanza y creación artesanal. Ven a conocer cómo se mantiene viva la tradición y cómo el 90% de la población de Usiacurí participa en este arte.""","""""",https://firebasestorage.googleapis.com/v0/b/visitatlantico-f5c09.firebasestorage.app/o/centro%20artesanal%20corina%20urueta.webp?alt=media&token=75e11f4a-c89f-4524-8b88-ce7bb2177694,"""Centro Artesanal Corina Urueta""",,"""No Disponible""","""No Disponible""","""Preservando el legado artesanal de Usiacurí""","""No Disponible""",11.001677,-74.80984
ecomochilas-de-luruaco,"""Los Limites, Atlántico, Colombia""","Eco, Cultura, Naturaleza, Compras, Arte","""Las Ecomochilas de Luruaco son un proyecto de la Asociación de Artesanas Unidad de los Límites, donde 32 mujeres de la vereda de Los Límites han transformado su relación con el medio ambiente. Con el apoyo de la Fundación Proyecto Tití y la Gobernación del Atlántico, estas mujeres han reemplazado la tala del bosque y la caza del tití por la creación de mochilas y bolsos artesanales hechos con bolsas plásticas y materiales reciclables. A partir de 2017, también comenzaron una iniciativa de turismo comunitario, donde los visitantes pueden realizar actividades de agroturismo y apreciar la biodiversidad local, como monos aulladores y titís. Este proyecto es un ejemplo inspirador de cómo el arte y la sostenibilidad pueden ir de la mano.""","""""","https://firebasestorage.googleapis.com/v0/b/visitatlantico-f5c09.firebasestorage.app/o/ecomochila%201.webp?alt=media&token=54fc029e-050d-4611-9881-68cfa2247e2c, https://firebasestorage.googleapis.com/v0/b/visitatlantico-f5c09.firebasestorage.app/o/ecomochila%202.webp?alt=media&token=043d0bb8-cbb8-40c3-a2f7-7bb5c5f57137, https://firebasestorage.googleapis.com/v0/b/visitatlantico-f5c09.firebasestorage.app/o/ecomochila%203.webp?alt=media&token=a6bc6634-c8ff-45dd-b75a-80a455ddc07a ","""Ecomochilas de Luruaco""",,"""No Disponible""","""(+57) 321 5703 741""","""Artesanía ecológica hecha con materiales reciclados""","""No Disponible""",10.981076,-74.798883
edgar-rentera-baseball-stadium,"""Cl. 54 #40, La Sierrita, Barranquilla, Atlántico, Colombia""","Historia, Deportes, Nocturna, Coctelería","""El Estadio de Béisbol Édgar Rentería, que cumple con los estándares de la MLB, está dedicado a celebrar la pasión de Colombia por el béisbol. Nombrado en honor al legendario jugador de la MLB nacido en Barranquilla, Édgar Rentería, este estadio alberga tanto partidos locales como internacionales de béisbol. En su interior, cuenta con un museo que muestra la historia del béisbol colombiano, brindando a los visitantes una visión del desarrollo del deporte desde sus inicios hasta la actualidad. El estadio ofrece una experiencia inmersiva para los fanáticos del béisbol y para aquellos que sienten curiosidad por el deporte...""","""""",https://firebasestorage.googleapis.com/v0/b/visitatlantico-f5c09.firebasestorage.app/o/estadio%20de%20beisbol%20edgar%20renteria.webp?alt=media&token=a9e1ec1f-831c-407f-bed0-1157e0737e18,"""Edgar Rentería Baseball Stadium""",,"""9 AM - 6 PM""","""No Disponible""","""Colombia celebra la pasion por el beisbol""","""https://www.edgarrenteriastadium.com""",11.001677,-74.80984
el-castillo-de-salgar,"""Cra. 38 #35-2, Bolivar, Barranquilla, Atlántico, Colombia""","Playas, Cultura, Historia, Nocturna, Festivales, Coctelería","""El Castillo de Salgar, también conocido como Fuerte de Santa Bárbara, es una edificación que conserva rasgos de la arquitectura colonial. Declarado patrimonio cultural y bien cultural de la Nación, este sitio ofrece una excepcional ubicación y un paisaje frente al Mar Caribe. Actualmente está siendo restaurado para convertirse en un ícono arquitectónico, culinario y de eventos en el Atlántico. Con un mirador y zonas sociales, es el lugar perfecto para disfrutar de la historia y cultura del Atlántico.""","""""",https://firebasestorage.googleapis.com/v0/b/visitatlantico-f5c09.firebasestorage.app/o/el%20castillo%20de%20salgar.webp?alt=media&token=c2d3ec46-1d35-4df8-a1d2-06448d20853e,"""El Castillo de Salgar""",,"""No Disponible""","""(605) 320 7300""","""Arquitectura colonial frente al Mar Caribe""","""www.atlanticoesmas.com""",10.976822,-74.780438
el-solar-de-mao---granja-eco-campestre,"""Cr. de la Cordialidad, Barranquilla, Atlántico, Colombia""","Playas, Eco, Familia, Naturaleza","""El Solar de Mao es una granja eco-campestre que ofrece el primer mariposario del Caribe, donde los visitantes pueden disfrutar del contacto directo con la naturaleza. Además, cuenta con una huerta orgánica, ponys, cerditos miniatura y muchos otros animales domésticos y silvestres. Es un lugar ideal para quienes buscan una experiencia enriquecedora en un entorno natural, perfecto para familias y amantes del ecoturismo.""","""""",https://firebasestorage.googleapis.com/v0/b/visitatlantico-f5c09.firebasestorage.app/o/solar%20de%20mao.webp?alt=media&token=01a3ce80-a8de-4d5f-a700-971ca1bf153e,"""El Solar de Mao - Granja Eco Campestre""",,"""Lunes a viernes: 5:30 a.m. a 12:30 p.m. sábados y domingo: 9:00 a.m. a 5:00 p.m.""","""(+57) 300 201 8129""","""Conecta con la naturaleza en el primer mariposario del Caribe""","""info@solardemao.com""",10.61062,-75.143877
estatua-homenaje-joe-arroyo,"""Músicos Park, Nte. Centro Historico, Barranquilla, Atlántico, Colombia""","Eco, Cultura, Historia, Familia, Nocturna, Fotografía, Arte, Coctelería","""La estatua de Joe Arroyo en Barranquilla es un homenaje a uno de los músicos más importantes de Colombia, conocido por su gran aporte al género de la salsa y la música tropical. Diseñada por el artista Yino Márquez, la estatua muestra a Joe Arroyo con un gesto característico que refleja su conexión con la música y el público. Situada en el tradicional Parque de los Músicos, la estatua es un punto de encuentro para los amantes de la música y la cultura costeña. Este monumento es un recordatorio de la pasión y el talento de Joe Arroyo, un ícono barranquillero que siempre será recordado por sus contribuciones al folclor colombiano. Es un lugar perfecto para capturar fotografías y sumergirse en la historia de la música del Caribe.""","""""",https://firebasestorage.googleapis.com/v0/b/visitatlantico-f5c09.firebasestorage.app/o/estatua%20de%20joe%20.jpg3.webp?alt=media&token=7a6c4620-b5d1-4cb2-98ef-4f3b882c5fd5,"""Estatua Homenaje Joe Arroyo""",,"""Abierto las 24 horas""","""No disponible""","""Un tributo al ícono musical de Barranquilla.""","""No disponible""",11.001677,-74.80984
fundacin-botnica-y-zoolgica-de-barranquilla,"""Cl. 76 #6870, La Concepción, Barranquilla, Atlántico, Colombia""","Eco, Familia, Nocturna, Coctelería","""La Fundación Botánica y Zoológica de Barranquilla es el único zoológico de la región Caribe colombiana. Alberga más de 430 animales de 119 especies diferentes y ofrece recorridos guiados que permiten a los visitantes aprender sobre la biodiversidad colombiana. Este zoológico se dedica a la conservación y educación ambiental, ofreciendo una experiencia única de conexión con la fauna local y promoviendo la importancia de la protección de las especies.""","""""",https://firebasestorage.googleapis.com/v0/b/visitatlantico-f5c09.firebasestorage.app/o/fundacion%20botanica.webp?alt=media&token=22c91f38-2def-4d70-9dd4-ec553ed9586c,"""Fundación Botánica y Zoológica de Barranquilla""",,"""De lunes a domingo, de 9:00 a.m. a 5:00 p.m.""","""(+57) (605) 360 0314""","""Conservación y educación de la fauna caribeña""","""www.zoobaq.org""",11.001677,-74.80984
gran-malecn-puerta-de-oro,"""Cl. 35 #41-100, Nte. Centro Historico, Barranquilla, Atlántico, Colombia""","Gastronomía, Aventura, Cultura, Familia, Deportes, Nocturna, Bienestar, Romántico, Estelar, Coctelería","""El Gran Malecón Puerta de Oro se extiende por cinco kilómetros a lo largo del río Magdalena, ofreciendo vistas impresionantes y numerosas actividades recreativas. Se ha convertido en una de las atracciones más visitadas de Barranquilla, con sus amplios espacios que incluyen áreas dedicadas a la gastronomía, el deporte, la cultura y la relajación. El Malecón cuenta con hermosos espacios verdes paisajísticos, senderos para caminar y andar en bicicleta, además de muchas áreas de descanso donde los visitantes pueden disfrutar de las vistas asombrosas del río. Es ideal para familias, parejas y cualquier persona que busque una experiencia tranquila al aire libre...""","""""",https://firebasestorage.googleapis.com/v0/b/visitatlantico-f5c09.firebasestorage.app/o/fundacion%20botanica.webp?alt=media&token=22c91f38-2def-4d70-9dd4-ec553ed9586c,"""Gran Malecón Puerta de Oro""",,"""Abierto las 24 horas""","""No Disponible""","""Camina en el corazón de Barranquilla.""","""https://www.granmaleconpuertadeoro.com""",10.980814,-74.779322
iglesia-de-la-inmaculada-concepcin,"""Cl. 70, Barranquilla, Atlántico, Colombia""","Eco, Cultura, Historia, Nocturna, Bienestar, Coctelería","""La Iglesia de la Inmaculada Concepción es una muestra sobresaliente de la arquitectura neobarroca en Barranquilla. Con su fachada blanca y majestuosa, la iglesia destaca entre las construcciones de la ciudad por su impresionante belleza. Los visitantes pueden explorar su interior ornamentado, donde los vitrales dejan entrar la luz del sol, llenando el espacio de colores vibrantes que inspiran devoción. Este templo es un lugar de paz y recogimiento, ideal para los que buscan un refugio espiritual en medio de la ciudad. La Inmaculada Concepción no solo es un sitio de oración, sino también un atractivo turístico imperdible por su historia y su relevancia cultural.""","""""",https://firebasestorage.googleapis.com/v0/b/visitatlantico-f5c09.firebasestorage.app/o/iglesia%20de%20la%20inmaculada%20concepcion.webp?alt=media&token=6519ea09-248e-4048-8b08-f1fe577bdfe2,"""Iglesia de la Inmaculada Concepción""",,"""7 AM - 7 PM""","""No disponible""","""La belleza neobarroca en el centro de Barranquilla.""","""https://www.inmaculadaconcepcionbarranquilla.com""",10.997079,-74.800868
iglesia-de-san-nicols-de-tolentino,"""Av. el Progreso #35, Nte. Centro Historico, Barranquilla, Atlántico, Colombia""","Playas, Eco, Cultura, Historia, Nocturna, Coctelería","""La Iglesia de San Nicolás de Tolentino, ubicada en el Centro Histórico de Barranquilla, es una joya del estilo neogótico. Construida originalmente en el siglo XVII, la iglesia ha sido un lugar central para la comunidad local durante generaciones. Su fachada, de color vibrante y con dos torres que la enmarcan, invita a los visitantes a adentrarse en un viaje espiritual. El interior, decorado con detalles neogóticos, crea un ambiente que evoca la tradición y la solemnidad. Además, la iglesia está situada junto a la Plaza de San Nicolás, un lugar lleno de vida y un punto de encuentro clave en la ciudad.""","""""",https://firebasestorage.googleapis.com/v0/b/visitatlantico-f5c09.firebasestorage.app/o/iglesia%20de%20san%20nicolas%202.webp?alt=media&token=b5d59926-6b7d-4053-a857-51439530ce06,"""Iglesia de San Nicolás de Tolentino""",,"""Abierto las 24 horas""","""No disponible""","""Patrimonio cultural en el corazón de Barranquilla.""","""https://www.iglesiasannicolas.com""",11.001677,-74.80984
iglesia-nuestra-seora-de-chiquinquir,"""Av. Murillo #30-62, Sur Orient, Barranquilla, Atlántico, Colombia""","Nocturna, Bienestar, Festivales, Arte, Coctelería","""La Iglesia Nuestra Señora de Chiquinquirá es una iglesia majestuosa de estilo neogótico, famosa por sus espectaculares vitrales. Ubicada en un punto céntrico de Barranquilla, la iglesia se destaca por sus torres altas y su fachada elaborada, que es un símbolo de la devoción de la ciudad. El interior de la iglesia ofrece un espectáculo visual impresionante cuando la luz atraviesa los vitrales, creando un juego de luces y colores que llenan el espacio. Es un lugar que invita a la reflexión espiritual y a la admiración del arte religioso. La iglesia también celebra numerosas festividades y eventos que atraen tanto a locales como a turistas.""","""""","https://firebasestorage.googleapis.com/v0/b/visitatlantico-f5c09.firebasestorage.app/o/iglesia%20nuestra%20sen%CC%83ora%20de%20chiquinquira%202.webp?alt=media&token=648b2682-27f0-4124-9bb0-fc815bed5886, https://firebasestorage.googleapis.com/v0/b/visitatlantico-f5c09.firebasestorage.app/o/iglesia%20nuestra%20sen%CC%83ora%20de%20chiquinquira%209.webp?alt=media&token=bec96dd1-6142-4617-ac8a-b63bb64fc70f","""Iglesia Nuestra Señora de Chiquinquirá""",,"""Abierto las 24 horas""","""No disponible""","""Un sublime encuentro con la fe en Barranquilla.""","""https://www.chiquinquiraiglesia.com""",11.001677,-74.80984
iglesia-nuestra-seora-del-carmen,"""Cra. 50 #55-176, Nte. Centro Historico, Barranquilla, Atlántico, Colombia""","Cultura, Historia, Nocturna, Bienestar, Coctelería","""La Iglesia Nuestra Señora del Carmen es uno de los templos más antiguos de Barranquilla y uno de los más queridos por sus fieles. Construida por un escultor de Valencia, esta iglesia de estilo neorrománico tiene una impresionante estructura con elementos tradicionales y detalles arquitectónicos que la convierten en un emblema de la ciudad. Durante las festividades del 16 de julio, la iglesia se llena de vida, al congregar a cientos de devotos que celebran el día de la Virgen del Carmen. Los turistas encontrarán en este templo no solo un lugar de oración, sino también un espacio cultural que conecta la historia de Barranquilla con su presente.""","""""","https://firebasestorage.googleapis.com/v0/b/visitatlantico-f5c09.firebasestorage.app/o/iglesia%20nuestra%20sen%CC%83ora%20del%20carmen%204.webp?alt=media&token=b8b8ca5f-d0f2-4ad3-8351-3dadfe2f0a96, https://firebasestorage.googleapis.com/v0/b/visitatlantico-f5c09.firebasestorage.app/o/parroquia%20nuestra%20sen%CC%83ora%20del%20carmen.webp?alt=media&token=2949aa17-da61-4642-9ede-848313862b63","""Iglesia Nuestra Señora del Carmen""",,"""7 AM - 7 PM""","""No disponible""","""Fe y tradición en el corazón de Barranquilla.""","""https://www.nuestraseñoradelcarmenbarranquilla.com""",10.990427,-74.791725
iglesia-san-antonio-de-padua,"""Soledad, Atlantico, Colombia""","Historia, Nocturna, Coctelería","""La Iglesia San Antonio de Padua, en Soledad, es el templo más antiguo del Atlántico, construido en 1598. Con una fachada blanca y majestuosa, este templo de estilo barroco churrigueresco tiene paredes de barro y bahareque, lo que le otorga un encanto único. Declarada Monumento Nacional, la iglesia es un símbolo del patrimonio histórico de la región y un lugar de peregrinación para aquellos que desean conocer más sobre las raíces religiosas de Colombia. Es un sitio perfecto para los visitantes interesados en la arquitectura colonial y la historia de la región.""","""""",https://firebasestorage.googleapis.com/v0/b/visitatlantico-f5c09.firebasestorage.app/o/iglesia%20san%20antonio%20de%20padua%201.webp?alt=media&token=d4a4bbb7-5dd9-4f49-853a-c196d9734741,"""Iglesia San Antonio de Padua""",,"""Abierto las 24 horas""","""No disponible""","""El templo más antiguo del Atlántico.""","""https://www.sanantoniopadua.com""",10.907983,-74.78945
iglesia-san-jos-de-tubar,"""Tubará, Atlantico, Colombia""","Eco, Historia, Nocturna, Coctelería","""La Iglesia San José de Tubará es una joya del patrimonio arquitectónico del Atlántico. De estilo neoclásico simple, la iglesia presenta una simetría perfecta y un altar con un retablo barroco hecho en madera, recubierto de laminillas de oro. Construida en 1740, la iglesia combina elementos religiosos de la época colonial con un toque de carácter precolombino. El ambiente del templo es tranquilo y lleno de historia, lo que lo convierte en un atractivo tanto para los turistas como para los fieles que buscan un lugar de oración.""","""""",https://firebasestorage.googleapis.com/v0/b/visitatlantico-f5c09.firebasestorage.app/o/iglesia%20san%20jose%20de%20tubara.webp?alt=media&token=410ce826-f379-4ea1-895d-1335aca7dea1,"""Iglesia San José de Tubará""",,"""Abierto las 24 horas""","""No disponible""","""Patrimonio arquitectónico del departamento.""","""https://www.sanjosedetubara.com""",10.875383,-74.97648
iglesia-san-roque,"""Cl. 30, Barranquilla, Atlántico, Colombia""","Eco, Historia, Nocturna, Naturaleza, Coctelería","""La Iglesia San Roque, construida en 1853, es una de las edificaciones más antiguas de Barranquilla. De estilo neogótico, esta iglesia ha sido un símbolo de la comunidad por generaciones. Su imponente fachada y su histórico campanario cuentan con detalles que han sido cuidadosamente restaurados para preservar su legado. En el interior, la atmósfera serena y el diseño arquitectónico transportan a los visitantes a otra época, haciéndola un lugar especial para quienes buscan un momento de paz y reflexión.""","""""",https://firebasestorage.googleapis.com/v0/b/visitatlantico-f5c09.firebasestorage.app/o/iglesia%20de%20san%20roque.webp?alt=media&token=2955864d-19c5-4e4a-99cf-08e4761d2cfa,"""Iglesia San Roque""",,"""Abierto las 24 horas""","""No disponible""","""Una de las construcciones más antiguas de Barranquilla.""","""https://www.sanroqueiglesia.com""",10.990047,-74.80425
iglesia-santo-domingo-de-guzmn,"""Usiacurí, Atlantico, Colombia""","Cultura, Historia, Nocturna, Bienestar, Coctelería","""La Iglesia Santo Domingo de Guzmán, ubicada en Usiacurí, es una de las iglesias más emblemáticas del Atlántico. Construida en 1540, la iglesia ha sido restaurada y mejorada a lo largo de los siglos, manteniendo su estructura original hecha de barro y bahareque. La iglesia, que combina elementos arquitectónicos traídos de Francia y España, es famosa por su historia y por el papel que ha jugado en la comunidad local. El ambiente acogedor y la rica tradición de esta iglesia la convierten en un lugar esencial para quienes visitan Usiacurí y desean conocer más sobre la herencia cultural y religiosa de la región.""","""""","https://firebasestorage.googleapis.com/v0/b/visitatlantico-f5c09.firebasestorage.app/o/iglesia%20santo%20domingo%20de%20guzman%203.webp?alt=media&token=3a476082-13f0-45b4-abf9-bb79d525fc9b, https://firebasestorage.googleapis.com/v0/b/visitatlantico-f5c09.firebasestorage.app/o/iglesia%20santo%20domingo%20de%20guzman.webp?alt=media&token=7b6086d7-6288-4c1a-b387-132c8b5f42c0","""Iglesia Santo Domingo de Guzmán""",,"""Abierto las 24 horas""","""No disponible""","""Un patrimonio histórico y cultural del Atlántico.""","""https://www.santodomingodeguzmanusiacuri.com""",10.743516,-74.97886
monumento-homenaje-a-shakira,"""Sur Orient, Barranquilla, Atlántico, Colombia""","Historia, Familia, Nocturna, Fotografía, Arte, Coctelería","""El Monumento Homenaje a Shakira es una estatua de cinco metros de altura que honra a la célebre cantante barranquillera Shakira Isabel Mebarak Ripoll. Este monumento, ubicado en el Parque Metropolitano, representa la fuerza, la perseverancia y el talento que Shakira ha llevado al mundo desde su ciudad natal. Los visitantes del monumento podrán encontrar la icónica frase de Shakira 'Cuando me mires, piensa que tú también puedes lograr lo que te propongas', un mensaje inspirador para todos. Este es un sitio ideal para los fanáticos de la artista y para quienes buscan conocer más sobre la historia de los grandes talentos nacidos en Barranquilla. Es un lugar perfecto para fotografías y para conectar con el orgullo barranquillero y la representación internacional de la música latina.""","""""",https://firebasestorage.googleapis.com/v0/b/visitatlantico-f5c09.firebasestorage.app/o/shak.webp?alt=media&token=b91a78e8-424a-48a5-a0f7-5d4f0a145bd9,"""Monumento Homenaje a Shakira""",,"""Abierto las 24 horas""","""No disponible""","""Una celebración al talento barranquillero de Shakira.""","""No disponible""",11.001677,-74.80984
monumento-la-ventana-al-mundo,"""Cl. 110 #30-53, Suroccidente, Barranquilla, Atlántico, Colombia""","Playas, Eco, Historia, Nocturna, Fotografía, Arte, Coctelería","""El Monumento La Ventana al Mundo es una de las estructuras más reconocibles de Barranquilla, construido en 2018 para conmemorar los XXIII Juegos Centroamericanos y del Caribe. Ubicado en una glorieta del corredor industrial de la Circunvalar, este colorido monumento tiene una altura impresionante y se ha convertido en un símbolo de la vitalidad de Barranquilla. La obra de arte pública destaca por sus vibrantes colores y por la apertura en el centro que, metafóricamente, invita a ver el mundo desde Barranquilla. El monumento también simboliza la modernidad, el crecimiento y la posición estratégica de la ciudad como un importante puerto del Caribe. Los visitantes acuden aquí para tomar fotografías y disfrutar de la atmósfera industrial que lo rodea, convirtiéndolo en uno de los lugares más populares para capturar la esencia de la ciudad.""","""""",https://firebasestorage.googleapis.com/v0/b/visitatlantico-f5c09.firebasestorage.app/o/ventana%20al%20mundo.webp?alt=media&token=c02b31c4-a44f-470e-b062-d4c58533c22c,"""Monumento La Ventana al Mundo""",,"""Abierto las 24 horas""","""No disponible""","""La puerta colorida al mundo desde Barranquilla.""","""No disponible""",10.977961,-74.836636
monumento-ventana-de-campeones,"""Av. del Rio, Nte. Centro Historico, Barranquilla, Atlántico, Colombia""","Playas, Cultura, Historia, Deportes, Nocturna, Náutica, Coctelería","""La Ventana de Campeones es un monumento emblemático en honor al equipo Junior de Barranquilla y se ha convertido en un referente urbano de la ciudad. Situado en el malecón del río Magdalena, este monumento destaca por su estructura de vidrio reflectivo y tecnología lumínica que ofrece una experiencia visual espectacular durante todo el día. Además de su importancia deportiva, la Ventana de Campeones también actúa como faro para los barcos que se acercan al puerto, contribuyendo tanto a la identidad cultural como a la actividad marítima de la ciudad. Este lugar es ideal para los amantes del fútbol y la historia del Junior, así como para los turistas que deseen disfrutar de una vista impresionante del río Magdalena y de las instalaciones portuarias de Barranquilla.""","""""",https://firebasestorage.googleapis.com/v0/b/visitatlantico-f5c09.firebasestorage.app/o/ventana%20de%20campeones%203.webp?alt=media&token=94d68af0-aa09-447a-95a7-bf3ddb885771,"""Monumento Ventana de Campeones""",,"""Abierto las 24 horas""","""No disponible""","""Un homenaje al Junior de Barranquilla y al desarrollo urbano.""","""No disponible""",11.001677,-74.80984
muelle-puerto-colombia,"""Puerto Colombia, Atlantico, Colombia""","Playas, Gastronomía, Historia, Bienestar, Compras, Estelar","""El histórico muelle de Puerto Colombia fue en su momento el puerto marítimo más importante de Colombia, y su reciente restauración lo ha convertido en un destino favorito para los turistas interesados en la historia marítima del país. Construido originalmente a finales del siglo XIX, este muelle fue clave para facilitar el comercio y la inmigración. Hoy en día, cuenta con un paseo peatonal que conecta con la gran plaza de Puerto Colombia. Con hermosas vistas al mar y una gran cantidad de oportunidades cercanas para disfrutar de la gastronomía y las compras, el muelle es un lugar fantástico tanto para los amantes de la historia como para quienes buscan un momento de esparcimiento...""","""""",https://firebasestorage.googleapis.com/v0/b/visitatlantico-f5c09.firebasestorage.app/o/muelle%20de%20puerto%20colombia.webp?alt=media&token=5add6413-f0f9-4410-9edd-7c9fa4425e7e,"""Muelle Puerto Colombia""",,"""Abierto las 24 horas""","""No Disponible""","""Donde la historia se encuentra con el océano.""","""https://www.puertocolombiamuelle.com""",10.987851,-74.95911
musa-tejedora,"""Usiacurí, Atlantico, Colombia""","Cultura, Historia, Compras, Fotografía, Arte","""La Musa Tejedora es un monumento icónico ubicado en la entrada principal del municipio de Usiacurí, dedicado a honrar a los artesanos y al arte de tejer, inspirado por la poesía del poeta Julio Flórez, también conocido como 'La Araña'. Inaugurada en mayo de 2010, esta escultura de 8 metros de altura es el mayor monumento del departamento y fue creada por el artista Yino Márquez. El monumento representa la perseverancia y el esfuerzo del artesano, convirtiéndose en un símbolo de la identidad cultural de la región. Los visitantes pueden admirar la magnitud de la escultura y conocer más acerca de la tradición artesanal que define a Usiacurí. La musa es un punto instagrameable ideal para captar la esencia artística de Atlántico y adentrarse en la vida y cultura del municipio de Usiacurí.""","""""","https://firebasestorage.googleapis.com/v0/b/visitatlantico-f5c09.firebasestorage.app/o/musa%20tejedora%202.webp?alt=media&token=c7827e54-61e3-4fef-9691-53180dc9edb2, https://firebasestorage.googleapis.com/v0/b/visitatlantico-f5c09.firebasestorage.app/o/musa%20tejedora%203.webp?alt=media&token=c1c13803-7211-413e-a7f0-0dcd79851e8d, https://firebasestorage.googleapis.com/v0/b/visitatlantico-f5c09.firebasestorage.app/o/musa%20tejedora.webp?alt=media&token=df827c06-92b8-46b7-a883-d18146be7e21","""Musa Tejedora""",,"""Abierto las 24 horas""","""No disponible""","""Un homenaje al artesano y la poesía de Julio Flórez.""","""No disponible""",10.743516,-74.97886
museo-arqueolgico-de-galapa-muga,"""Cra. 18 & Cl. 12, Galapa, Atlántico, Colombia""","Cultura, Historia, Nocturna, Coctelería","""El Museo Arqueológico de Galapa, conocido como MUGA, es un tesoro cultural que alberga más de 5,000 piezas arqueológicas, cada una de ellas con una historia que contar sobre las culturas ancestrales de la región del Atlántico. Ubicado estratégicamente en el área metropolitana de Barranquilla, este museo es un referente para aquellos interesados en explorar las raíces históricas del Caribe colombiano.""","""""",https://firebasestorage.googleapis.com/v0/b/visitatlantico-f5c09.firebasestorage.app/o/museo%20arq%20de%20galapa.webp?alt=media&token=40842474-e4a2-490e-8df8-bda011bbe88d,"""Museo Arqueológico de Galapa MUGA""",,"""Martes a domingo 9:00 a.m. – 6:00 p.m.""","""(+57) (605) 308 6358""","""Explora los tesoros arqueológicos del Atlántico""","""www.museogalapa.com""",10.899431,-74.88558
museo-arqueolgico-de-pueblos-karib-mapuka,"""Kilómetro 5, Área metropolitana de, Vía Puerto Colombia, Sabanilla Montecarmelo, Barranquilla, Atlántico, Colombia""","Eco, Historia, Bienestar","""El Museo Arqueológico de Pueblos Karib, conocido como MAPUKA, es un espacio único que recoge el compromiso de la Universidad del Norte en la investigación, conservación y divulgación del patrimonio arqueológico de la región Caribe. Con más de cuatro décadas de investigación a sus espaldas, MAPUKA es un testimonio vivo de la rica historia de los pueblos indígenas que habitaron la región antes de la llegada de los europeos.""","""""",https://firebasestorage.googleapis.com/v0/b/visitatlantico-f5c09.firebasestorage.app/o/karib.webp?alt=media&token=b4cd2b76-436e-4846-9867-68a932aab008,"""Museo Arqueológico de Pueblos KARIB MAPUKA""",,"""Lunes a viernes: 9:00 a.m. a 12:30 p.m. - 2:00 a 4:30 p.m. sábado: 9:00 a.m. a 1:30 p.m.""","""(605) 3509509 ext. 3289""","""Conecta con las culturas ancestrales del Caribe colombiano""","""www.uninorte.edu.co/web/mapuka/museo""",10.987851,-74.95911
museo-del-atlntico,"""Cl. 35 #39-10, Nte. Centro Historico, Barranquilla, Atlántico, Colombia""","Cultura, Historia, Bienestar, Festivales, Arte","""El Museo del Atlántico es un lugar emblemático para quienes buscan conocer la historia profunda y el patrimonio cultural del departamento del Atlántico. Ubicado en un edificio histórico que fue sede de la Gobernación del Atlántico hasta 1963, este museo se destaca por su dedicación a la conservación y difusión del arte, la cultura y la historia de la región. En sus numerosas salas de exposición, los visitantes pueden apreciar obras de arte tanto antiguas como contemporáneas, lo cual lo convierte en un espacio de encuentro para los amantes del arte y la cultura. Además, el museo alberga una colección única del Museo de Historia Natural del Caribe y el Atlántico, proporcionando una mirada fascinante a la biodiversidad y evolución de la región. También dispone de un auditorio con capacidad para 450 personas, donde regularmente se llevan a cabo eventos culturales, conferencias y actividades académicas que buscan fortalecer el conocimiento y aprecio por la historia local.""","""""","https://firebasestorage.googleapis.com/v0/b/visitatlantico-f5c09.firebasestorage.app/o/museo_del_atlantico.webp?alt=media&token=702d9dfe-f3a1-4cf7-b5e9-a5acec2b135d, https://firebasestorage.googleapis.com/v0/b/visitatlantico-f5c09.firebasestorage.app/o/museoatlantico.webp?alt=media&token=01f1c319-c211-4c52-abd7-a13ca25713ec","""Museo del Atlántico""",,"""Lunes a viernes 8:00 a.m. – 4:00 p.m.""","""(+57) (605) 330 7012""","""Descubre la historia del Atlántico a través del arte y la cultura""","""www.atlantico.gov.co""",10.978711,-74.779665
museo-del-carnaval-de-barranquilla,"""Cra. 54 #49B-39, Nte. Centro Historico, Barranquilla, Atlántico, Colombia""","Eco, Cultura, Historia, Nocturna, Festivales, Naturaleza, Coctelería","""El Museo del Carnaval de Barranquilla es una joya cultural que celebra la alegría y el esplendor del Carnaval de Barranquilla, uno de los festivales más emblemáticos de Colombia y Patrimonio Cultural Inmaterial de la Humanidad. Este museo se dedica a preservar, difundir y exhibir las manifestaciones y tradiciones que conforman el Carnaval, proporcionando una experiencia única y vibrante para quienes desean conocer a fondo las raíces de esta festividad.""","""""","https://firebasestorage.googleapis.com/v0/b/visitatlantico-f5c09.firebasestorage.app/o/carnaval%202.webp?alt=media&token=50b01200-f784-4732-acff-b84130621f66, https://firebasestorage.googleapis.com/v0/b/visitatlantico-f5c09.firebasestorage.app/o/carnaval%203.webp?alt=media&token=ef764d08-1989-4d1f-998c-b564e59a5108, https://firebasestorage.googleapis.com/v0/b/visitatlantico-f5c09.firebasestorage.app/o/museo%20del%20carnaval%20de%20barranquilla.webp?alt=media&token=6d12b348-0cc9-417a-a181-27eb46dbed12","""Museo del Carnaval de Barranquilla""",,"""Martes a domingo de 9:00 a.m. – 5:00 p.m.""","""(+57) (605) 319 7616""","""Vive la magia del carnaval durante todo el año""","""museocarnavaldebarranquilla.org""",10.993302,-74.787519
museo-histrico-de-baranoa-muhba,"""Cra. 20 #19-38, Baranoa, Atlántico, Colombia""","Cultura, Historia, Nocturna, Bienestar, Arte, Coctelería","""El Museo Histórico de Baranoa, conocido como MUHBA, es un proyecto cultural sin ánimo de lucro que nace con la misión de recuperar, rescatar y difundir la memoria histórica y cultural del municipio de Baranoa. Este museo es un espacio donde la historia local se conserva y se comparte con las nuevas generaciones, generando un sentido de identidad y pertenencia en la comunidad.""","""""",https://firebasestorage.googleapis.com/v0/b/visitatlantico-f5c09.firebasestorage.app/o/muhba.webp?alt=media&token=b2dd003e-0c70-4418-94b2-0b80bbafa7d7,"""Museo Histórico de Baranoa MUHBA""",,"""Miércoles a sábado de 9:00 a.m. – 5:00 p.m.""","""(+57) 311 427 9615""","""Descubre la historia y la identidad de Baranoa""","""www.museobaranoa.com""",10.798852,-74.913776
museo-paleontolgico-de-la-pea-mupapa,"""La Peña, Sabanalarga, Atlántico, Colombia""","Cultura, Historia","""El Museo Paleontológico de La Peña, conocido como MUPAPA, es un fascinante viaje a través de millones de años de historia natural. Ubicado en el corregimiento de La Peña, en Sabanalarga, este museo es un importante punto de referencia cultural, histórico y turístico del Atlántico. MUPAPA alberga una impresionante colección de fósiles de fauna y flora que datan de millones de años, descubiertos en la zona, ofreciendo a los visitantes una visión única sobre la vida prehistórica que habitó en la región.""","""""",https://firebasestorage.googleapis.com/v0/b/visitatlantico-f5c09.firebasestorage.app/o/museo%20pantologico%20de%20la%20pen%CC%83a.webp?alt=media&token=73e3dc0c-f2e4-42e7-a42c-ad5deee202bb,"""Museo Paleontológico de La Peña MUPAPA""",,"""Martes a jueves 8:00 a.m. a 4:40 p.m.""","""(+57) 300 655 1836""","""Viaja en el tiempo con fósiles y antiguas criaturas""","""No Disponible""",10.584205,-75.024837
parador-turstico-banda-de-baranoa,"""Troncal del Caribe, Baranoa, Atlántico, Colombia""","Cultura, Historia, Nocturna, Arte, Coctelería","""El Parador Turístico Banda de Baranoa es una parada obligatoria en el Atlántico. Ubicado en la vía La Cordialidad, este lugar alberga la famosa Banda de Baranoa y está diseñado como centro de entretenimiento donde los visitantes pueden experimentar ser un 'Artista del Caribe por un día'. Recientemente se inauguró la Concha Acústica para fomentar las actividades artísticas y culturales del departamento. Cuenta con kioscos, fuente, museo y áreas de acceso que lo hacen un atractivo turístico único.""","""""",https://firebasestorage.googleapis.com/v0/b/visitatlantico-f5c09.firebasestorage.app/o/parador%20turistico%20banda%20de%20baranoa.webp?alt=media&token=6e863429-8385-40c8-9f1c-670d0f86cb46,"""Parador Turístico Banda de Baranoa""",,"""Por agenda""","""(+57) 313 533 5288 - (+57) 311 407 5882""","""Sé artista del Caribe por un día""","""www.atlanticoesmas.com""",10.796187,-74.91498
parador-turstico-de-luruaco,"""Cr. de la Cordialidad, Barranquilla, Atlántico, Colombia""","Gastronomía, Aventura, Familia, Deportes, Acuáticos, Pesca, Estelar","""El Parador Turístico de Luruaco es un lugar ideal para la práctica de deportes náuticos como canotaje, kayaks y pesca deportiva. Además, cuenta con un mirador a 60 metros de altura sobre la laguna de Luruaco, ofreciendo una vista espectacular. Ofrece servicios de restaurante con gastronomía típica, como la tradicional arepa de huevo, parqueadero, parque infantil y la única tirolesa del Atlántico. Es un lugar perfecto para disfrutar de un día lleno de aventura y sabor local.""","""""",https://firebasestorage.googleapis.com/v0/b/visitatlantico-f5c09.firebasestorage.app/o/parador%20turistico%20de%20luruaco.webp?alt=media&token=fe5df984-51a5-4aa9-a7f4-adb7fcfc852a,"""Parador Turístico de Luruaco""",,"""No Disponible""","""No Disponible""","""Aventura y sabor local con deportes náuticos""","""No Disponible""",10.61062,-75.143877
parador-turstico-sombrero-vueltiao,"""90A, Santa Verónica, Juan de Acosta, Atlántico, Colombia""","Eco, Gastronomía, Cultura, Familia, Bienestar, Naturaleza, Arte, Estelar","""El Parador Turístico Sombrero Vueltiao es uno de los lugares más hermosos del Atlántico. Con el sombrero vueltiao más grande del mundo como techo, este parador es un ícono de la Región Caribe. Aquí encontrarás gastronomía típica, artesanías, y La Granja de Tito, un espacio donde se promueve la conexión respetuosa con la naturaleza. Es una experiencia educativa y recreativa para toda la familia, ideal para aprender, disfrutar y descubrir la cultura caribeña.""","""""",https://firebasestorage.googleapis.com/v0/b/visitatlantico-f5c09.firebasestorage.app/o/parador%20turistico%20sombrero%20vueltiao.webp?alt=media&token=22c28266-cf8b-4500-bd01-e47c7b406d1b,"""Parador Turístico Sombrero Vueltiao""",,"""Lunes a domingo: 8:00 a.m. a 6:00 p.m.""","""(+57) 315 4955104""","""Visita el sombrero más grande del mundo y disfruta la cultura""","""www.atlanticoesmas.com""",10.829482,-75.034615
parque-biotemtico-megua,"""Cr. de la Cordialidad, Barranquilla, Atlántico, Colombia""","Eco, Familia, Nocturna, Naturaleza, Avistamiento, Coctelería","""El Parque Biotemático Megua, ubicado a solo 14 kilómetros de Barranquilla, es un destino natural ideal para toda la familia. Aquí encontrarás una hermosa granja con animales domésticos, mamíferos, aves y reptiles. Disfruta de una experiencia educativa y divertida mientras conoces sobre la taxonomía y el comportamiento de diversas especies. Es un lugar perfecto para conectar con la naturaleza y aprender sobre la biodiversidad de la región del Atlántico.""","""""",https://firebasestorage.googleapis.com/v0/b/visitatlantico-f5c09.firebasestorage.app/o/megua.webp?alt=media&token=59d22a9a-5f52-433a-bd8c-1eadc9a951e7,"""Parque Biotemático Megua""",,"""Sábado y domingo 9:00 a.m. – 5:00 p.m.""","""(+57) 312 654 0325""","""Diversión y educación con la biodiversidad del Atlántico""","""www.parquebiotematicomegua.com""",10.61062,-75.143877
petroglifo-mokan---piedra-pintada,"""EL MORRO, Tubará, Atlántico, Colombia""",Cultura,"""El Petroglifo Mokaná, conocido como Piedra Pintada, es un lugar sagrado para la comunidad indígena Mokaná. Ubicado en el Corregimiento del Morro, este sitio arqueológico es un libro sagrado abierto para aquellos que desean conectarse con las raíces ancestrales de la región. Kaamasjorú, como es conocido, significa 'la esquina tranquila del dios Hu', y es un destino ideal para quienes buscan una experiencia espiritual y cultural.""","""""",https://firebasestorage.googleapis.com/v0/b/visitatlantico-f5c09.firebasestorage.app/o/mokana.webp?alt=media&token=3b682c36-453b-4625-b36d-e57bfefceae6,"""Petroglifo Mokaná - Piedra Pintada""",,"""No Disponible""","""No Disponible""","""Conéctate con la herencia ancestral de los Mokaná""","""No Disponible""",10.875383,-74.97648
piezas-de-totumo-en-tubar,"""Tubará, Atlantico, Colombia""","Playas, Eco, Nocturna, Naturaleza, Arte, Coctelería","""En Tubará, el fruto del totumo se convierte en maravillosas piezas de artesanía que reflejan el ingenio y talento de los artesanos locales. Las Piezas de Totumo incluyen lámparas, fruteros, bolsos, aretes, collares, y vestidos de baño, todos hechos a mano a partir del fruto de este árbol de copa amplia. Cada artículo es una expresión de creatividad y habilidad, elaborado con dedicación por artesanos de la región. Ven a descubrir cómo la naturaleza se transforma en arte en Tubará.""","""""","https://firebasestorage.googleapis.com/v0/b/visitatlantico-f5c09.firebasestorage.app/o/totumo%202.webp?alt=media&token=ed069dfc-5a6d-44d3-a046-4571f3dae9ef, https://firebasestorage.googleapis.com/v0/b/visitatlantico-f5c09.firebasestorage.app/o/totumo.webp?alt=media&token=a0d2e4cc-fae1-4f45-897d-d492a69b5d73","""Piezas de Totumo en Tubará""",,"""No Disponible""","""No Disponible""","""Artesanía natural hecha con el fruto del Totumo""","""No Disponible""",10.875383,-74.97648
playa-bocatocino,"""Juan de Acosta, Atlantico, Colombia""","Playas, Eco, Naturaleza, Acuáticos","""Playa Bocatocino, ubicada en el municipio de Juan de Acosta, es una playa remota con un paisaje y belleza escénica única. Rodeada de un ecosistema de manglares, es perfecta para quienes buscan disfrutar de la naturaleza y las aguas cristalinas en un ambiente tranquilo. Es un lugar estratégico para el ecoturismo, gracias a su envidiable ubicación geográfica.""","""""",https://firebasestorage.googleapis.com/v0/b/visitatlantico-f5c09.firebasestorage.app/o/playa%20bocatocino.webp?alt=media&token=59b1058f-ba5e-41d5-a536-8835150fc086,"""Playa Bocatocino""",,"""No Disponible""","""No Disponible""","""Escapada natural con manglares y tranquilidad""","""No Disponible""",10.829482,-75.034615
playa-cao-dulce,"""Tubará, Atlantico, Colombia""","Playas, Gastronomía, Familia, Nocturna, Estelar, Coctelería","""Playa Caño Dulce, situada en el municipio de Tubará, se encuentra rodeada de palmeras y árboles, lo que proporciona un ambiente caribeño perfecto para disfrutar de un buen baño de mar. Ofrece kioscos con sombra, gastronomía variada, y es ideal para pasar el día con amigos y familia disfrutando del ambiente local.""","""""",https://firebasestorage.googleapis.com/v0/b/visitatlantico-f5c09.firebasestorage.app/o/playa%20can%CC%83o%20dulce.webp?alt=media&token=bb456f85-af9e-44fb-a57d-dbc063028649,"""Playa Caño Dulce""",,"""No Disponible""","""No Disponible""","""Sombra, palmeras y ambiente caribeño en Tubará""","""No Disponible""",10.875383,-74.97648
playa-country,"""Puerto Colombia, Atlantico, Colombia""","Playas, Gastronomía, Familia, Nocturna, Romántico, Coctelería","""Playa Country, ubicada a menos de 20 minutos de la ciudad de Barranquilla, es ideal para compartir en familia o en pareja. Cuenta con una amplia variedad de restaurantes donde podrás degustar la comida local y disfrutar de un maravilloso día de descanso. Su cercanía a la ciudad la convierte en un destino fácil de visitar, perfecto para relajarse y disfrutar del ambiente caribeño.""","""""",https://firebasestorage.googleapis.com/v0/b/visitatlantico-f5c09.firebasestorage.app/o/playa%20country.webp?alt=media&token=e61eac0b-bb23-4fa2-b257-2886b6b6aa65,"""Playa Country""",,"""No Disponible""","""No Disponible""","""Una escapada caribeña cerca de Barranquilla""","""No Disponible""",10.987851,-74.95911
playa-de-salinas-del-rey,"""Juan de Acosta, Atlantico, Colombia""","Playas, Eco, Deportes","""Playa de Salinas del Rey es reconocida mundialmente por ser uno de los mejores lugares para practicar kiteSurf. Ubicada en el municipio de Juan de Acosta, sus corrientes y brisas atraen a visitantes de todo el mundo, siendo sede del Mundial de KiteSurf de la GKA 2022-2023. Actualmente se está construyendo un nuevo centro de deportes náuticos para seguir desarrollando el potencial turístico de la playa.""","""""","https://firebasestorage.googleapis.com/v0/b/visitatlantico-f5c09.firebasestorage.app/o/playa%20salinas%20del%20rey.webp?alt=media&token=aab987c2-fb50-4702-8a32-e1fd062a84b9, https://firebasestorage.googleapis.com/v0/b/visitatlantico-f5c09.firebasestorage.app/o/salinas%20(1).webp?alt=media&token=fe31ee97-2b69-4ae3-9bde-b9d8719331bd, https://firebasestorage.googleapis.com/v0/b/visitatlantico-f5c09.firebasestorage.app/o/salinas.webp?alt=media&token=45aa1507-9a76-4ab0-9b4b-22a45a9e4c35","""Playa de Salinas del Rey""",,"""No Disponible""","""No Disponible""","""Paraíso mundial del kiteSurf y aventuras acuáticas""","""No Disponible""",10.829482,-75.034615
playa-de-santa-vernica,"""Juan de Acosta, Atlantico, Colombia""","Playas, Eco, Gastronomía, Familia, Nocturna, Naturaleza, Coctelería","""Playa de Santa Verónica, situada en el municipio de Juan de Acosta a 35 km de Barranquilla, es perfecta para relajarse y disfrutar de la naturaleza. Con su oleaje tentador y las palmeras al pie del mar, Santa Verónica invita a disfrutar en familia y a deleitarse con los platos típicos en los restaurantes del balneario.""","""""",https://firebasestorage.googleapis.com/v0/b/visitatlantico-f5c09.firebasestorage.app/o/playa%20de%20santa%20veronica.webp?alt=media&token=78c6c668-af3e-4e6a-b4c1-2dbbb22abecc,"""Playa de Santa Verónica""",,"""No Disponible""","""No Disponible""","""Palmeras y sabor caribeño en Santa Verónica""","""No Disponible""",10.829482,-75.034615
playa-mendoza,"""Tubará, Atlantico, Colombia""","Playas, Eco, Familia, Nocturna, Naturaleza, Coctelería","""Playa Mendoza, ubicada a unos 45 km de Barranquilla en el municipio de Tubará, cuenta con una excelente oferta gastronómica y de alojamiento. Rodeada de paisajes naturales, es un lugar ideal para disfrutar con amigos y familia. Mendoza ofrece una experiencia inolvidable cerca de la playa, perfecta para quienes buscan naturaleza y comodidad.""","""""",https://firebasestorage.googleapis.com/v0/b/visitatlantico-f5c09.firebasestorage.app/o/playa%20mendoza.webp?alt=media&token=0e3d59d4-eae5-4b24-ae2c-8a5f8064cc7c,"""Playa Mendoza""",,"""No Disponible""","""No Disponible""","""Excelente oferta gastronómica y naturaleza en Tubará""","""No Disponible""",10.875383,-74.97648
playa-miramar,"""Salgar, Puerto Colombia, Atlántico, Colombia""","Playas, Familia, Deportes, Acuáticos","""Playa Miramar es ideal para visitas familiares con niños pequeños, gracias a su poco oleaje y aguas cristalinas. Esta playa tiene un lindo paisaje y es perfecta para largas caminatas, disfrutar del sol y ver un hermoso atardecer. Además, es un excelente lugar para practicar deportes náuticos como el surf y windsurf, así como deportes de playa como el voleibol.""","""""",https://firebasestorage.googleapis.com/v0/b/visitatlantico-f5c09.firebasestorage.app/o/playa%20miramar.webp?alt=media&token=785d42d4-d679-40ee-9cdf-6fbbc9970dbf,"""Playa Miramar""",,"""No Disponible""","""No Disponible""","""Ideal para familias con niños pequeños y deportes náuticos""","""No Disponible""",10.987851,-74.95911
playa-modelo,"""Carrera 46, Sabanilla Montecarmelo, Barranquilla, Atlántico, Colombia""","Playas, Gastronomía, Nocturna, Acuáticos, Coctelería","""Playa Modelo se encuentra a solo 15 km de Barranquilla y ofrece un hermoso paisaje con numerosos restaurantes a lo largo de la playa donde se pueden disfrutar productos del mar. Es ideal para tenderse a tomar el sol y disfrutar de sus tranquilas aguas, perfecta para quienes buscan un descanso sereno a poca distancia de la ciudad.""","""""",https://firebasestorage.googleapis.com/v0/b/visitatlantico-f5c09.firebasestorage.app/o/playa%20modelo.webp?alt=media&token=6e198452-80b0-4474-9522-55299c2c11e5,"""Playa Modelo""",,"""No Disponible""","""No Disponible""","""Relax y gastronomía junto al mar a pocos minutos de la ciudad""","""No Disponible""",10.985394,-74.774668
playa-palmarito,"""Tubará, Atlantico, Colombia""","Playas, Nocturna, Acuáticos, Coctelería","""Playa Palmarito, ubicada en el municipio de Tubará, es una playa tranquila, limpia y poco concurrida, lo cual brinda una sensación de exclusividad. Dependiendo de la temporada, sus aguas pueden ser claras y en calma, siendo julio a octubre el mejor momento para disfrutar de este hermoso lugar. Ideal para quienes buscan paz y tranquilidad en la costa.""","""""",https://firebasestorage.googleapis.com/v0/b/visitatlantico-f5c09.firebasestorage.app/o/playa%20palmarito.webp?alt=media&token=37ba7db3-5396-4e35-8e16-b2b77513a649,"""Playa Palmarito""",,"""No Disponible""","""No Disponible""","""Una playa tranquila y limpia para disfrutar la calma""","""No Disponible""",10.875383,-74.97648
playa-pradomar,"""Salgar, Puerto Colombia, Atlántico, Colombia""","Playas, Gastronomía, Deportes, Nocturna, Arte, Estelar, Coctelería","""Playa Pradomar es el lugar ideal para disfrutar del surf, gracias a la formación de sus olas. Además de surfear, puedes realizar caminatas o relajarte bajo el sol. Esta playa cuenta con un ambiente vibrante, excelentes restaurantes y bares, y múltiples opciones de alojamiento, lo cual la hace perfecta para quienes buscan disfrutar de la gastronomía, el deporte y el buen ambiente.""","""""",https://firebasestorage.googleapis.com/v0/b/visitatlantico-f5c09.firebasestorage.app/o/playa%20pradomar.webp?alt=media&token=d5fc0259-2fea-4008-8e9d-1afc00da790f,"""Playa Pradomar""",,"""No Disponible""","""No Disponible""","""Surf y excelente ambiente en la costa de Salgar""","""No Disponible""",10.987851,-74.95911
playa-puerto-caimn,"""Tubará, Atlantico, Colombia""","Playas, Eco, Gastronomía, Nocturna, Naturaleza, Coctelería","""Playa Puerto Caimán es un lugar tranquilo en el municipio de Tubará, donde podrás tener un encuentro total con la naturaleza y la paz. Rodeada de hermosos paisajes y varios restaurantes donde puedes probar platos típicos del mar, esta playa es ideal para quienes buscan tranquilidad, con oleaje suave y un ambiente acogedor.""","""""",https://firebasestorage.googleapis.com/v0/b/visitatlantico-f5c09.firebasestorage.app/o/playa%20puerto%20caiman.webp?alt=media&token=052e3377-1479-4b8a-a93f-840332cc001e,"""Playa Puerto Caimán""",,"""No Disponible""","""No Disponible""","""Un espacio de paz y naturaleza""","""No Disponible""",10.875383,-74.97648
playa-puerto-velero,"""Vía Puerto Velero, Atlántico, Colombia""","Playas, Deportes, Nocturna, Náutica, Coctelería","""Playa Puerto Velero es un destino moderno y sofisticado que ofrece condiciones ideales para la práctica de deportes náuticos, especialmente los de vela. Se encuentra a 45 minutos de Barranquilla y cuenta con la Marina Puerto Velero, que tiene capacidad para 460 embarcaciones de recreo. Es perfecta para quienes disfrutan de la navegación y de un ambiente exclusivo frente al Mar Caribe.""","""""",https://firebasestorage.googleapis.com/v0/b/visitatlantico-f5c09.firebasestorage.app/o/playa%20puerto%20velero.webp?alt=media&token=936d8e3c-8e26-4d96-8df7-db4e094fa266,"""Playa Puerto Velero""",,"""No Disponible""","""No Disponible""","""Navegación y deportes de vela en un entorno exclusivo""","""No Disponible""",10.981076,-74.798883
playa-punta-astilleros,"""Piojó, Atlantico, Colombia""","Playas, Eco, Naturaleza","""Playa Punta Astilleros cuenta con 600 hectáreas de playa, lo cual la convierte en uno de los destinos con mayor potencial turístico en el Atlántico. Rodeada de manglares y palmas nativas, es un lugar ideal para desconectarse y reconectar con la naturaleza. Con su ambiente paradisíaco, Punta Astilleros es perfecta para quienes buscan una experiencia auténtica en la costa.""","""""",https://firebasestorage.googleapis.com/v0/b/visitatlantico-f5c09.firebasestorage.app/o/playa%20punta%20astilleros.webp?alt=media&token=0b33b7d7-0831-4f91-9d3d-b22b9f9aca59,"""Playa Punta Astilleros""",,"""No Disponible""","""No Disponible""","""Desconexión total en un entorno paradisíaco""","""No Disponible""",10.747983,-75.10777
playa-salgarito,"""Salgar, Puerto Colombia, Atlántico, Colombia""","Playas, Gastronomía, Nocturna, Acuáticos, Estelar, Coctelería","""Playa Salgarito, de arenas oscuras, se extiende por aproximadamente un kilómetro. Aquí puedes disfrutar del sol, el agua, y la belleza del paisaje. Además, la playa cuenta con estupendos lugares donde probar la gastronomía local, haciendo de Salgarito un sitio ideal para un día de tranquilidad y disfrute en la costa.""","""""",https://firebasestorage.googleapis.com/v0/b/visitatlantico-f5c09.firebasestorage.app/o/playa%20salgarito.webp?alt=media&token=c19c1549-91a7-4b69-8b8c-bd39ef2be5f8,"""Playa Salgarito""",,"""No Disponible""","""No Disponible""","""Tranquilidad y encanto de arenas oscuras""","""No Disponible""",10.987851,-74.95911
playa-solinilla,"""Carrera 46, Sabanilla Montecarmelo, Barranquilla, Atlántico, Colombia""","Playas, Nocturna, Acuáticos, Coctelería","""Playa Solinilla, ubicada a 18 km de Barranquilla tomando la Carrera 46, ofrece zonas de aguas tranquilas donde se puede disfrutar de hermosos atardeceres mientras se camina por la orilla. Es el destino perfecto para quienes buscan una experiencia relajante rodeados de un paisaje encantador.""","""""",https://firebasestorage.googleapis.com/v0/b/visitatlantico-f5c09.firebasestorage.app/o/playa%20solinilla.webp?alt=media&token=37af7dd5-f41f-4a02-86ed-3adbf56f38e1,"""Playa Solinilla""",,"""No Disponible""","""No Disponible""","""Disfruta de un hermoso atardecer en la costa atlántica""","""No Disponible""",10.985394,-74.774668
playa-tubar,"""Tubará, Atlantico, Colombia""","Playas, Eco, Familia, Nocturna, Naturaleza, Coctelería","""Playa Tubará es conocida como un Paraíso Secreto debido a su poca concurrencia y su encanto único. Ubicada a 50 km de Barranquilla, es ideal para visitar con niños gracias a su oleaje suave. Este sitio ofrece tranquilidad y es un excelente destino para disfrutar de la naturaleza sin las aglomeraciones de otras playas.""","""""",https://firebasestorage.googleapis.com/v0/b/visitatlantico-f5c09.firebasestorage.app/o/playa%20tubara.webp?alt=media&token=d7e97726-25cc-4c63-9a80-8540ed1e6a5b,"""Playa Tubará""",,"""No Disponible""","""No Disponible""","""El paraíso secreto de la costa atlántica""","""No Disponible""",10.875383,-74.97648
playas-de-sabanilla,"""Puerto Colombia, Atlantico, Colombia""","Playas, Familia","""Playas de Sabanilla, situadas en el municipio de Puerto Colombia, son el balneario más popular del Atlántico. Con el primer plan de ordenamiento de playas liderado por la Sub-secretaría de turismo del departamento, este lugar cuenta con infraestructura recreodeportiva, zona de parqueadero, comedor, carpas, baños, duchas y accesibilidad universal, ideal para pasar un día lleno de diversión y confort.""","""""",https://firebasestorage.googleapis.com/v0/b/visitatlantico-f5c09.firebasestorage.app/o/playas%20de%20sabanilla%20sector%20country.webp?alt=media&token=c07ea709-d829-4145-b9a3-ab208e3f6608,"""Playas de Sabanilla""",,"""No Disponible""","""No Disponible""","""Un balneario con diversión y confort para toda la familia""","""No Disponible""",10.987851,-74.95911
plaza-central-de-usiacur,"""Usiacurí, Atlantico, Colombia""","Cultura, Bienestar","""La Plaza Central de Usiacurí, también conocida como la Plaza de la Iglesia, es un impresionante espacio de 3,800 metros cuadrados que puede albergar hasta 7,600 visitantes. Con su ubicación estratégica cerca de la iglesia, ofrece hermosas vistas del pueblo y de los coloridos murales en las casas cercanas. La plaza también incluye un puente peatonal que conecta con una plaza más pequeña con un quiosco, ideal para disfrutar de vistas panorámicas o de un momento de tranquilidad. Es un lugar popular tanto para locales como para turistas que desean disfrutar de la belleza escénica y el patrimonio cultural de Usiacurí.""","""""",https://firebasestorage.googleapis.com/v0/b/visitatlantico-f5c09.firebasestorage.app/o/plaza%20de%20usiacuri.webp?alt=media&token=f8bc104e-3468-4fad-ae85-a71108a523b8,"""Plaza Central de Usiacurí""",,"""Abierto las 24 horas""","""No Disponible""","""Una mirada panorámica al encanto de Usiacurí.""","""https://www.usiacuriplaza.com""",10.743516,-74.97886
plaza-de-baranoa,"""Baranoa, Atlantico, Colombia""","Eco, Cultura, Familia, Nocturna, Festivales, Coctelería","""La Plaza de Baranoa, que cubre 2,900 metros cuadrados, funciona como un vibrante centro social para la comunidad. Aquí se realizan una variedad de eventos culturales, como presentaciones de música y danza, y cuenta con un escenario para este tipo de actividades. La plaza está rodeada de exuberantes áreas verdes, coloridas decoraciones artísticas y máquinas biosaludables para hacer ejercicio. Es un lugar ideal para que las familias se reúnan y para que los turistas experimenten la cultura y la hospitalidad de Baranoa. Los alrededores, diseñados para ser amigables con los peatones, la convierten en un lugar acogedor para todos.""","""""",https://firebasestorage.googleapis.com/v0/b/visitatlantico-f5c09.firebasestorage.app/o/plaza%20de%20baranoa.webp?alt=media&token=fee5964f-9808-4812-8baf-00526888a4c5,"""Plaza de Baranoa""",,"""Abierto las 24 horas""","""No Disponible""","""El corazón cultural de Baranoa.""","""https://www.baranoaplaza.com""",10.796187,-74.91498
plaza-de-la-aduana,"""Via 40, Barranquilla, Atlántico, Colombia""","Playas, Cultura, Historia, Nocturna, Coctelería","""La Plaza de La Aduana, también conocida como la Plaza de la Aduana, es un monumento histórico con arquitectura de estilo republicano que data de 1849. Refleja la época en la que Barranquilla comenzó a florecer como un importante puerto para el comercio marítimo y fluvial. Hoy en día, se erige como un centro cultural urbano donde los visitantes pueden disfrutar de presentaciones locales, exposiciones culturales y admirar la hermosa arquitectura restaurada. La vibrante atmósfera de la Plaza de La Aduana la convierte en un lugar imprescindible para los amantes de la historia...""","""""",https://firebasestorage.googleapis.com/v0/b/visitatlantico-f5c09.firebasestorage.app/o/plaza%20de%20la%20aduana.webp?alt=media&token=0bb0ac96-b5bf-4041-afc5-f7a7f55d34d0,"""Plaza de La Aduana""",,"""8 AM - 6 PM""","""+57 (605) 379 2949""","""A gateway to Barranquilla's rich past.""","""https://www.barranquilla.gov.co""",11.013116,-74.793374
plaza-de-la-paz,"""Dg. 53, Soledad, Atlántico, Colombia""","Cultura, Historia, Nocturna, Bienestar, Coctelería","""Construida en 1986, la Plaza de La Paz es un importante sitio cultural e histórico en Barranquilla. Originalmente construida para recibir al Papa Juan Pablo II durante su visita, la plaza ha evolucionado hasta convertirse en un punto central de reunión para actividades sociales y culturales. Ya sean presentaciones de danza, teatro callejero o sesiones de skateboarding, la Plaza de La Paz siempre está llena de vida. Representa el espíritu de la comunidad, ofreciendo un espacio tanto para la relajación como para el compromiso cultural, lo que la convierte en un destino clave para los turistas que desean experimentar la vida local...""","""""",https://firebasestorage.googleapis.com/v0/b/visitatlantico-f5c09.firebasestorage.app/o/plaza%20de%20la%20paz.webp?alt=media&token=02f98353-6106-458c-a434-24f760e5f084,"""Plaza de La Paz""",,"""Abierto las 24 horas""","""No Disponible""","""Un lugar de paz, historia y cultura.""","""https://www.barranquillaplazas.com""",10.943649,-74.764087
plaza-de-puerto-colombia,"""Puerto Colombia, Atlantico, Colombia""","Cultura, Familia, Bienestar","""La Plaza de Puerto Colombia es un amplio espacio de 30,000 metros cuadrados que cuenta con áreas recreativas, rutas para bicicletas y mobiliario inclusivo diseñado para personas de todas las capacidades. La plaza conserva una cantidad significativa de árboles originales, además de nuevos árboles de Mangle Verde, los cuales prosperan en el clima cálido y húmedo de la región. Familias y turistas pueden disfrutar de la atmósfera tranquila, jugar al ajedrez en mesas dedicadas, o pasear por las diversas áreas ajardinadas. La plaza es un importante punto de encuentro comunitario que ofrece actividades culturales y recreativas.""","""""",https://firebasestorage.googleapis.com/v0/b/visitatlantico-f5c09.firebasestorage.app/o/plaza%20de%20puerto%20colombia.webp?alt=media&token=3baebac7-c9eb-4d21-91d7-4e456d9ef2ee,"""Plaza de Puerto Colombia""",,"""Abierto las 24 horas""","""No Disponible""","""Naturaleza y cultura entrelazadas en Puerto Colombia.""","""https://www.puertocolombiaplaza.com""",10.987851,-74.95911
plaza-de-santo-toms,"""Santo Tomás, Atlantico, Colombia""","Eco, Aventura, Cultura, Familia, Deportes, Bienestar, Naturaleza","""La Plaza de Santo Tomás, con una extensión de 8,772 metros cuadrados, ofrece a los visitantes una variedad de instalaciones recreativas, incluyendo una concha acústica, espacios verdes, senderos peatonales, una ruta para bicicletas, una cancha deportiva multiusos, un parque infantil y un gimnasio biosaludable. Esta plaza es un lugar favorito tanto para los locales como para los turistas que buscan disfrutar de una mezcla de deporte, cultura y naturaleza. Ya sea que te interese ver presentaciones culturales locales o simplemente disfrutar de los espacios verdes abiertos, la Plaza de Santo Tomás tiene algo para todos.""","""""",https://firebasestorage.googleapis.com/v0/b/visitatlantico-f5c09.firebasestorage.app/o/plaza%20de%20santo%20tomas.webp?alt=media&token=64171f31-37b8-4e85-a35c-11aeac4800bc,"""Plaza de Santo Tomás""",,"""Abierto las 24 horas""","""No Disponible""","""Recreación y cultura en Santo Tomás.""","""https://www.santotomasplaza.com""",10.759951,-74.75589
plaza-la-libertad,"""Candelaria, Atlantico, Colombia""","Aventura, Deportes, Bienestar, Festivales","""La Plaza La Libertad en Candelaria es una plaza de 6,400 metros cuadrados diseñada para ofrecer a locales y turistas un espacio acogedor para eventos y recreación. Cuenta con múltiples áreas de juegos infantiles, canchas deportivas y gimnasios biosaludables. Con sus amplios espacios verdes y senderos peatonales, la Plaza La Libertad funciona como un vibrante centro comunitario donde las personas se reúnen para eventos, ejercicio y ocio. Esta plaza también pone énfasis en la inclusión, con mobiliario e instalaciones diseñadas para personas de todas las capacidades, asegurando que todos puedan disfrutar del espacio.""","""""",https://firebasestorage.googleapis.com/v0/b/visitatlantico-f5c09.firebasestorage.app/o/plaza%20de%20la%20libertad%203.webp?alt=media&token=152b55e5-726d-4120-90e6-306881aa0caa,"""Plaza La Libertad""",,"""Abierto las 24 horas""","""No Disponible""","""Libertad, cultura y comunidad en Candelaria.""","""https://www.candelariaplaza.com""",10.454331,-74.881096
plaza-las-madres-tubar,"""Tubará, Atlantico, Colombia""","Eco, Cultura, Historia, Familia, Nocturna, Bienestar, Naturaleza, Arte, Coctelería","""La Plaza Las Madres en Tubará se erige como un tributo cultural al municipio de Tubará. El suelo de la plaza está decorado con patrones intrincados inspirados en la naturaleza, la herencia étnica y la tribu Mokaná, quienes son parte fundamental de la historia de la región. La plaza también cuenta con una concha acústica para presentaciones, áreas verdes de juego para los niños y espacios de reunión comunitaria. Los turistas pueden aprender sobre el pueblo Mokaná mientras disfrutan del ambiente tranquilo. Es un excelente lugar para quienes aman la historia y la cultura.""","""""",https://firebasestorage.googleapis.com/v0/b/visitatlantico-f5c09.firebasestorage.app/o/plaza%20las%20madres%20tubara.webp?alt=media&token=687e2009-34f8-486c-a107-6564926cd1fd,"""Plaza Las Madres Tubará""",,"""Abierto las 24 horas""","""No Disponible""","""Celebra la cultura de Tubará.""","""https://www.tubaraplaza.com""",10.875383,-74.97648
plaza-son-de-negro-santa-luca,"""Santa Lucía, Atlantico, Colombia""","Cultura, Deportes, Nocturna, Festivales, Coctelería","""La Plaza Son de Negro en Santa Lucía es un homenaje a la cultura local, que abarca una extensión de 13,500 metros cuadrados. Cuenta con un escenario para eventos culturales, una cancha de fútbol sintética, mesas de juego, áreas de juegos infantiles y un gimnasio biosaludable. La plaza está adornada con mobiliario urbano que complementa el malecón cercano, ofreciendo una experiencia integral de la cultura local y la belleza natural. Este sitio es perfecto para los turistas que desean sumergirse en el latido cultural de la comunidad.""","""""",https://firebasestorage.googleapis.com/v0/b/visitatlantico-f5c09.firebasestorage.app/o/plaza%20son%20de%20negro%20santa%20lucia.webp?alt=media&token=148d8264-d814-4f22-95ef-c538c0ccc54b,"""Plaza Son de Negro Santa Lucía""",,"""Abierto las 24 horas""","""No Disponible""","""A lively cultural homage in Santa Lucía.""","""https://www.santaluciaplaza.com""",10.32355,-74.95989
ranch-texas,"""Cr. de la Cordialidad, Barranquilla, Atlántico, Colombia""","Eco, Aventura, Familia, Naturaleza, Acuáticos","""Ranch Texas es una experiencia única para los amantes de los caballos y la aventura, ubicado en el kilómetro 14 de la Carretera la Cordialidad. Ofrece actividades como alquiler de caballos, shows ecuestres, recorridos en karts areneros, y una mini granja con zona de agua. Es el sitio perfecto para disfrutar de un día lleno de actividades al aire libre y entretenimiento para toda la familia, ideal para quienes buscan diversión y contacto con la naturaleza.""","""""",https://firebasestorage.googleapis.com/v0/b/visitatlantico-f5c09.firebasestorage.app/o/ranch%20texas.webp?alt=media&token=00ad019c-cd63-4c51-a78c-9da4eba953bc,"""Ranch Texas""",,"""No Disponible""","""(+57) 302 409 9873""","""Experiencia ecuestre y actividades de aventura""","""www.parqueranchtexas.com""",10.61062,-75.143877
reserva-natural-de-luriza,"""Usiacurí, Atlantico, Colombia""","Eco, Naturaleza, Avistamiento","""La Reserva Natural de Luriza, ubicada a 6 kilómetros de Usiacurí, es un destino mágico rodeado de gigantescos árboles y hogar de monos aulladores. Con más de 470 mil hectáreas de preservación, esta reserva es ideal para los amantes de la fauna y el senderismo. Alberga especies de aves, anfibios, reptiles y mamíferos, ofreciendo un refugio para la fauna típica y endémica de la zona. Es un lugar de gran valor para especialistas y visitantes interesados en la biodiversidad del Atlántico.""","""""","https://firebasestorage.googleapis.com/v0/b/visitatlantico-f5c09.firebasestorage.app/o/reserva%20natural%20de%20luriza.webp?alt=media&token=cb455c3b-2e52-400c-a383-fbf570460a84, https://firebasestorage.googleapis.com/v0/b/visitatlantico-f5c09.firebasestorage.app/o/plaz%20nat%202.webp?alt=media&token=e164108a-8649-4bee-ba0a-d007d6775411, https://firebasestorage.googleapis.com/v0/b/visitatlantico-f5c09.firebasestorage.app/o/plaza%20nat%20mono.webp?alt=media&token=02c0516f-fb74-42c5-a545-d7951b36795b","""Reserva Natural de Luriza""",,"""No Disponible""","""No Disponible""","""Aventuras entre árboles gigantes y fauna silvestre""","""No Disponible""",10.743516,-74.97886
reserva-natural-los-charcones,"""Piojó, Atlantico, Colombia""","Eco, Naturaleza, Avistamiento","""La Reserva Natural Los Charcones, la primera reserva natural de la sociedad civil en Colombia, es un oasis de biodiversidad en el Atlántico. Con más de 42 hectáreas de bosque seco tropical, esta reserva alberga una gran variedad de fauna y flora en buen estado de conservación. Es el hogar de aves, insectos, mamíferos y muchas especies más, ofreciendo una experiencia única para quienes buscan conexión con la naturaleza y el ecoturismo.""","""""",https://firebasestorage.googleapis.com/v0/b/visitatlantico-f5c09.firebasestorage.app/o/los%20charcones.webp?alt=media&token=40929dab-6150-4757-8268-0665489b3ac2,"""Reserva Natural Los Charcones""",,"""No Disponible""","""(+57) 301 576 6142""","""Bosque seco tropical lleno de vida y biodiversidad""","""www.atlanticoesmas.com""",10.747983,-75.10777
reserva-natural-palmar-del-tit,"""Piojó, Atlantico, Colombia""","Playas, Eco, Naturaleza","""La Reserva Natural Palmar del Tití, con más de 2,622 hectáreas, se dedica a la conservación del Tití Cabeciblanco, especie endémica de la Región Caribe. Además, es hogar de otras especies de monos como el Aullador y el Capuchino. Esta reserva, protegida por la Fundación Proyecto Tití, trabaja para preservar esta zona de gran importancia para la biodiversidad del Atlántico.""","""""","https://firebasestorage.googleapis.com/v0/b/visitatlantico-f5c09.firebasestorage.app/o/palmar%20del%20titi%202.webp?alt=media&token=c3577ac7-af2d-4d02-a635-b349c2c86ef8, https://firebasestorage.googleapis.com/v0/b/visitatlantico-f5c09.firebasestorage.app/o/palmar%20del%20titi.webp?alt=media&token=437cebde-5d76-4d58-9965-0b8d366f61c3","""Reserva Natural Palmar del Tití""",,"""Lunes a viernes de 8:00 a.m a 5:00 p.m.""","""(+57) (605) 309 1270""","""Protección del Tití Cabeciblanco y su hábitat""","""www.proyectotiti.com""",10.747983,-75.10777
roberto-melndez-metropolitan-stadium,"""Av. Murillo, Barranquilla, Atlántico, Colombia""","Eco, Deportes, Festivales","""El Estadio Metropolitano Roberto Meléndez es uno de los recintos deportivos icónicos de Colombia. Es la casa de la selección nacional de fútbol de Colombia y tiene una capacidad para casi 50,000 espectadores. Construido para albergar eventos deportivos locales e internacionales, este estadio se ha convertido en un símbolo de orgullo nacional. Los visitantes pueden recorrer las instalaciones para aprender sobre la herencia futbolística de Colombia mientras asisten a partidos u otros eventos que se celebran aquí. Una visita a este estadio permite a los turistas experimentar el electrizante espíritu del fútbol colombiano...""","""""",https://firebasestorage.googleapis.com/v0/b/visitatlantico-f5c09.firebasestorage.app/o/estadio%20metropolitano%202.webp?alt=media&token=f970e352-850d-4b1e-a955-0d16844aefaa,"""Roberto Meléndez Metropolitan Stadium""",,"""8 AM - 8 PM""","""No Disponible""","""Where Colombian football history comes alive.""","""https://www.metropolitanostadium.com.co""",10.974499,-74.788684
santuario-mariano-nuestra-seora-del-carmen,"""Puerto Colombia, Atlantico, Colombia""","Playas, Cultura, Nocturna, Bienestar, Arte, Coctelería","""El Santuario Mariano Nuestra Señora del Carmen, ubicado en Puerto Colombia, es un lugar donde se unen la devoción y la tradición. Este santuario es famoso por su hermosa imagen de la Virgen del Carmen, traída desde Barcelona, y por las celebraciones religiosas que congregan a la comunidad. Rodeado por un ambiente tranquilo, el santuario es perfecto para quienes desean conectar con su espiritualidad en un entorno sereno. El diseño del santuario, sencillo pero lleno de detalles, refleja la influencia del arte religioso colonial y ofrece un espacio acogedor para todos los visitantes.""","""""",https://firebasestorage.googleapis.com/v0/b/visitatlantico-f5c09.firebasestorage.app/o/santuario%20mariano%20nuestra%20sen%CC%83ora%20del%20carmen%201.webp?alt=media&token=37d4e5b9-5ace-412c-8361-772911698b59,"""Santuario Mariano Nuestra Señora del Carmen""",,"""Abierto las 24 horas""","""No disponible""","""Un lugar mágico lleno de historia y devoción.""","""https://www.santuariodelcarmenpuertocolombia.com""",10.987851,-74.95911
sendero-ecoturstico-chorro-de-san-luis,"""Corral de San Luis, Tubará, Atlántico, Colombia""","Eco, Aventura, Bienestar, Acuáticos","""El Sendero Ecoturístico Chorro de San Luis, ubicado en el corregimiento de Corral San Luis Beltrán, es un espacio de gran riqueza paisajística y ambiental. Cuenta con áreas de descanso, miradores turísticos y acceso a un sendero de 90 metros en piedra laja que lleva a las tranquilas y cristalinas aguas del Chorro de San Luis Beltrán. Es un lugar ideal para disfrutar del senderismo y la belleza natural del Atlántico.""","""""",https://firebasestorage.googleapis.com/v0/b/visitatlantico-f5c09.firebasestorage.app/o/chorro.webp?alt=media&token=b1b31234-ce92-4bc7-a6b3-266b37fa9d11,"""Sendero Ecoturístico Chorro de San Luis""",,"""No Disponible""","""No Disponible""","""Senderismo y belleza natural en Tubará""","""www.atlanticoesmas.com""",10.888922,-75.012596
taller-el-congo-real,"""Galapa, Atlantico, Colombia""","Aventura, Cultura, Nocturna, Festivales, Compras, Arte, Coctelería","""El Taller El Congo Real de Galapa se especializa en la creación de máscaras tradicionales de carnaval que retienen la risa, el juego y la fiesta. Estas figuras de madera, elaboradas con técnicas artesanales, representan la esencia del Carnaval de Barranquilla y el espíritu de aventura del Caribe colombiano. Cada pieza es única, hecha a mano con la mejor estética manual, y evoca la sensación de estar frente a un ser natural y salvaje. Visitar este taller es una oportunidad de explorar la riqueza cultural de Galapa y experimentar la tradición viva del arte caribeño.""","""""",https://firebasestorage.googleapis.com/v0/b/visitatlantico-f5c09.firebasestorage.app/o/congo%20real.webp?alt=media&token=4b56635e-d894-423a-bcb1-bfdd152f3fb0,"""Taller El Congo Real""",,"""No Disponible""","""No Disponible""","""Las máscaras que dan vida al carnaval""","""No Disponible""",10.899431,-74.88558
va-parque-nacional-isla-de-salamanca,"""Troncal del Caribe, Magdalena, Colombia""","Playas, Eco, Familia, Nocturna, Naturaleza, Avistamiento, Coctelería","""El Vía Parque Nacional Isla de Salamanca, atravesado por la carretera que conecta Barranquilla con Santa Marta, es único en el Sistema de Parques Nacionales Naturales de Colombia. Conocido por sus paisajes de lagunas y manglares, fue declarado Área de Importancia para la Conservación de las Aves (AICA) y Reserva de la Biosfera por la UNESCO. Es un destino imperdible para los amantes de la naturaleza y la observación de aves.""","""""",https://firebasestorage.googleapis.com/v0/b/visitatlantico-f5c09.firebasestorage.app/o/isla%20salamanca.webp?alt=media&token=f509eba1-bf07-473a-9051-de84932ab7eb,"""Vía Parque Nacional Isla de Salamanca""",,"""8:00 AM – 4:00 PM""","""(+57) (601) 353 2400""","""Explora el refugio de vida silvestre y manglares""","""www.parquesnacionales.gov.co""",11.277136,-73.920273
villa-zunilda,"""Baranoa, Atlantico, Colombia""","Eco, Gastronomía, Aventura, Familia, Nocturna, Naturaleza, Acuáticos, Coctelería","""Villa Zunilda es un restaurante agrotemático que ofrece una experiencia completa de contacto con la naturaleza. Cuenta con amplias zonas verdes, árboles frutales, una piscina para adultos y niños, bar, cafetería, bicicletas y kayaks en el lago. Además, los visitantes pueden disfrutar de paseos a caballo, un mini zoológico, juegos de mesa y una parrilla típica. Ubicado a 3 minutos de Baranoa, Villa Zunilda es el lugar perfecto para desconectar y disfrutar de la tranquilidad del entorno natural.""","""""",https://firebasestorage.googleapis.com/v0/b/visitatlantico-f5c09.firebasestorage.app/o/villa%20zunilda.webp?alt=media&token=574941cc-8f4b-4894-bc1c-ef58eae47043,"""Villa Zunilda""",,"""No Disponible""","""(+57) 317 501 1076 - (+57) 316 578 0033""","""Un escape agrotemático para relajarse y disfrutar""","""www.villazunilda.com""",10.796187,-74.91498
vitrina-artesanal-arte-y-tejido,"""La Chorrera, Juan de Acosta, Atlántico, Colombia""","Eco, Cultura, Naturaleza, Compras, Arte","""La Vitrina Artesanal 'Arte y Tejido' en el Corregimiento de Chorrera, Municipio de Juan de Acosta, es el hogar de la Asociación de Artesanas de Chorrera. Aquí, los visitantes pueden encontrar hermosas mochilas y accesorios hechos de hilo coral, cordones de seda y cueros vegetales, todos elaborados por 54 mujeres que integran la asociación. Este proyecto, apoyado por la Gobernación del Atlántico y la Fundación Gases del Caribe, promueve el empoderamiento de las artesanas y la preservación de las técnicas tradicionales. Visita esta vitrina para conocer más sobre la rica tradición textil de la región.""","""""",https://firebasestorage.googleapis.com/v0/b/visitatlantico-f5c09.firebasestorage.app/o/arte%20y%20tejido.webp?alt=media&token=f69ddf00-4f7d-4905-b16a-a7a36f8a316f,"""Vitrina Artesanal 'Arte y Tejido'""",,"""No Disponible""","""(+57) (605) 330 6000 Ext - 7320, (+57) 310 684 7513""","""Tejidos únicos de la comunidad de Chorrera""","""No Disponible""",10.799584,-75.011149